:020000040800F2
:10000000D829002005010008F71B0008AB1A0008DA
:10001000F51B0008AD120008C13100080000000007
:10002000000000000000000000000000C1270008E0
:100030003B140008000000004D240008E5280008DB
:100040001F0100081F0100081F0100081F01000810
:100050001F0100081F0100081F0100081F01000800
:100060001F0100081F0100081F0100081F010008F0
:100070001F0100081F0100081F0100081F010008E0
:100080001F0100081F0100081F0100081F010008D0
:100090001F0100081F0100081F0100081F010008C0
:1000A0001F0100081F0100081F0100081F010008B0
:1000B000392900081F0100081F0100081F0100085E
:1000C0001F0100081F0100081F0100081F01000890
:1000D0001F0100082D2F00081D3000081F01000817
:1000E0001F0100081F0100081F010008DFF810D0E1
:1000F00000F0ACFC00480047993B0008AFF30080DB
:10010000D82900200648804706480047FEE7FEE75A
:10011000FEE7FEE7FEE7FEE7FEE7FEE7FEE7FEE7B7
:10012000E9280008ED0000082DE9F05F05460020F1
:1001300092469B4688460646814640241BE0284658
:1001400041464746224600F03FFA53465A46C01AF7
:10015000914110D311461846224600F026FA2D1A76
:1001600067EB01084F4622460120002100F01DFAEE
:1001700017EB00094E41201EA4F10104DFDC4846C4
:1001800031462A464346BDE8F09F40EA01039B07FB
:1001900003D009E008C9121F08C0042AFAD203E0FC
:1001A00011F8013B00F8013B521EF9D27047D2B260
:1001B00001E000F8012B491EFBD270470022F6E750
:1001C00010B513460A4604461946FFF7F0FF2046CD
:1001D00010BD421E12F8013F002BFBD111F8013B6C
:1001E00002F8013B002BF9D1704730B505462A468D
:1001F0000B4612F8010B13F8014B08B1A042F8D0DE
:100200001CB1002802D06D1CF1E7284630BD421C0D
:1002100010F8011B0029FBD1801A704730B5044645
:100220000020034600E05B1C934203D2E05CCD5CFF
:10023000401BF8D030BD00000FB400B58DB010A940
:1002400009900B9000914FF0FF300A9000200C9025
:1002500005480690054807906A4609A80F9900F0DE
:10026000D7F90DB05DF814FB2D0600084B06000809
:100270002DE9FF5F1D464FF0FF3BD5E90146914652
:100280005F464FF00008A9697F1C01988847296ADA
:10029000824688470028F6D1BAF1FF3F0CD024F4FB
:1002A000C064002E19DD600614D5BAF12B0F09D0F9
:1002B000BAF12D0F0ED103E0584604B0BDE8F09F0F
:1002C00044F48064A9697F1C01988847761E8246A1
:1002D000002E02DDBAF1300F03D0B9F1000F26D0A5
:1002E00032E0A969761E44F400747F1C01988847A7
:1002F0008246002E05DDBAF1780F06D0BAF1580F0C
:1003000003D0B9F1000F10D01EE0B9F1000F02D0F8
:10031000B9F1100F18D1A969761E24F400747F1C5E
:10032000019888478246102002E0082000E00A2059
:10033000814609E008FB0908A969761E44F40074A7
:100340007F1C019888478246002E05DD49465046AD
:1003500000F04AF90028EDDAE96901988847A0051C
:1003600002D46FF00100A8E7E00725D1600613D59D
:10037000600502D5C8F1000000E0404629680A1D6A
:100380002A600968220501D5087015E0220701D509
:10039000088011E008600FE02868011D29600068EE
:1003A000210502D580F8008006E0210702D5A0F8DB
:1003B000008001E0C0F8008038467EE7F0B480EAB3
:1003C0000102D40F4200B2EB410F02D202460846AE
:1003D00011464A0042D0C30DDDB2C1F3C752AD1A77
:1003E000202D35DAC1F3160141F4000204B1524266
:1003F000C5F1200602FA06F12A411044B3EBD05FA2
:1004000023D0C4B1012DA0EBC35009DCF0BC4FF0E8
:10041000004202EAC352DBB200F5000000F02FB93F
:10042000400000F1807000EBC350A0F1807040EA02
:10043000D170490009E0490841EAC071A0EBC350FE
:1004400000F50000400800EBC350F0BC00F00EB90E
:100450006142012202EB4101001BF6E7F0BC70474C
:1004600081F00041AAE780F00040A7E780EA01029E
:1004700010B502F00043400022D04A001FD0010E08
:1004800001EB1261C0F35600C2F3560240F40000C3
:1004900042F40002A0FB022000047F39140400D0C3
:1004A000401C50EA124001D44000491EC2B20C0662
:1004B00004EBD010401C4008802A02D003E000204A
:1004C00010BD20F00100002900DA0020184310BD03
:1004D00030B480EA010202F0004530F0004221F021
:1004E000004013D090B1C30DD40DC2F31601C0F378
:1004F0001600E41A41F4000140F400027D349142F8
:1005000001D3641C00E04900002C02DA30BC00205A
:1005100070474FF400000023914201D3891A03432E
:1005200040084FEA4101F7D151B1914202D14FF059
:10053000004105E002D24FF0010101E06FF001013E
:1005400003EBC450284430BC00F090B8962300223E
:10055000114600F094B820F00040C10DC0F3160021
:1005600040F400007F2901DA00207047962903DC5F
:10057000C1F19601C840704796398840704730B540
:100580000B46014600202022012409E021FA02F551
:100590009D4205D303FA02F5491B04FA02F52844EB
:1005A000151EA2F10102F1DC30BD202A04DB203A45
:1005B00000FA02F1002070479140C2F1200320FAB6
:1005C00003F3194390407047202A04DB203A21FAB4
:1005D00002F00021704721FA02F3D040C2F120025C
:1005E00091400843194670473A2800D2303820F02D
:1005F0002002412A01D3A2F13700884201D34FF0F3
:10060000FF30704702681144137801601846704744
:10061000D160044951610449116200211161114600
:1006200000F03EBA05060008950A0008426842B18B
:10063000016811F8013B23B1521EC0E900121846AF
:1006400070470121C160881E704742685AB1C36873
:10065000016843B983688B4205D0491E521CC0E92A
:100660000012002070474FF0FF3070470029A8BFEC
:100670007047401C490008BF20F00100704710B4CB
:10068000B0FA80FC00FA0CF050EA010404BF10BC80
:10069000704749B1CCF1200421FA04F411FA0CF1AD
:1006A00018BF012121430843A3EB0C01CB1D4FEAE6
:1006B00000614FEA102042BF002010BC704700EBE1
:1006C000C35010440029A4BF10BC7047401C49000F
:1006D00008BF20F0010010BC70472DE9FE4F804696
:1006E00081EA0300C00F0C46009021F0004123F086
:1006F0000045B8EB0200A94105D24046214690468C
:100700001C460B46024623F00040104347D0270DFD
:10071000C7F30A00C3F30A510290401A019040281F
:100720006BDAC3F3130040F4801B0098924620B1AB
:100730000023D2EB030A63EB0B0B01985946C0F17F
:1007400040025046FFF731FF06460D4650465946D7
:10075000019A00F08DF910EB08006141002487EA4E
:10076000115284EAE7731A4340D0009A62B3019AA7
:10077000012A4FEA075215DC001B61EB02014FF022
:10078000004202EA0752CDE90042001C41F5801107
:1007900032462B4600F02BFB03B0BDE8F08F4046FD
:1007A0002146F9E7001B61EB0201001C41F58013B3
:1007B00000185B412018A2F5001747EB030140EA3F
:1007C000D570B6196D4111E06D084FEA360645EA5D
:1007D000C0754FEA0752001B61EB0201001C41F596
:1007E000801149084FEA30000019514132462B462A
:1007F00003B0BDE8F04F00F0EBBA009801224000D2
:100800000023D0EB020263EBE073009821464FEA2D
:10081000E074B8EB000061EB0401E9E783F000430A
:100820005BE781F0004158E72DE9FE4F81EA0304C0
:1008300004F0004421F0004100944FF0000B23F03D
:10084000004350EA01045ED052EA03045BD0C3F3D4
:100850000A54C1F30A552C44A4F2F3340194A0FBCA
:100860000254C1F3130141F48011C3F3130343F4A1
:10087000801301FB024400FB034E840A970A44EAFA
:10088000815447EA8357A4FB076802958D0A05FB4C
:1008900007854FEA932C04FB0C542705029D4FEA71
:1008A000065847EA1637B5EB08056EEB070C870EBE
:1008B000920E47EA811742EA8312A7FB0201B6EBC8
:1008C0000B0164EB00042B0D43EA0C335E1844EB80
:1008D0001C50DA465146E7FB0201C5F313044FEA08
:1008E0000B3343EA14534FEA0432019C43EA0603F4
:1008F000A4F10C040294009CCDE900B400F077FA56
:1009000003B0BDE8F08F00200146F9E72DE9F04D76
:1009100081EA030404F0004B21F0004514464FF037
:10092000000A23F0004150EA050220D054EA0102F7
:100930001DD0C5F30A570246C5F31303C1F31300D4
:10094000C1F30A5640F4801543F48013A7EB060860
:10095000101BD64608F2FD3873EB050002D308F1F0
:10096000010801E092185B41B8F1000F03DA0020A2
:100970000146BDE8F08D00204FF480110646844604
:100980000EE0171B73EB050705D3121B63EB050382
:1009900006434CEA010C49084FEA300092185B41CB
:1009A00050EA0107EDD152EA030012D082EA0400B6
:1009B00083EA0501084305D0101BAB4106D2012292
:1009C000002306E000224FF0004302E06FF0010236
:1009D00053101AEB06004CEB085110EB0A0041EBE8
:1009E0000B01BDE8F04D00F0F3B9C1F30A52C1F3B9
:1009F000130140F2FF3341F480119A4202DA0020E1
:100A00000146704740F233439A42A2F2334202DC7D
:100A10005242FFF7D9BDFFF7C8BD000030B5041E34
:100A200071F1000404DB4FF00044404264EB01012B
:100A3000141E73F1000405DB1C464FF000435242C4
:100A400063EB0403994208BF904230BD064C074D4A
:100A500006E0E06840F0010394E80700984710348E
:100A6000AC42F6D3FFF746FB348B0008548B0008EA
:100A7000202A06DBCB17203A41FA02F043EAE07362
:100A800006E041FA02F3D040C2F12002914008434F
:100A900019467047C0B24FF4F05100F0F7B90000AA
:100AA0002DE9F34F8BB04FF0000801F10C000C461C
:100AB0004FF0010B46460DF1080A019062690121D1
:100AC00001989047051E2DD0252D2CD0216A8847EE
:100AD000C0B16269012101989047216A88470028C6
:100AE000F7D1411E62690198904700E0761CA16928
:100AF0000B988847216A88470028F7D1E1690B984D
:100B00008847DBE7A1690B9888470746A84201D1CF
:100B1000761CD3E7E1690B9888477F1C02D1B8F1B6
:100B2000000F6FD047E1002762693D4639460198C2
:100B300090472A2804D16269012101989047012534
:100B4000DFF888926269012101989047A0F1300195
:100B50000A290AD24F45E5DC07EB870100EB410784
:100B6000303FDFD445F01005ECE7E90601D46FF023
:100B700000476C280AD04C2814D0682815D06A2861
:100B80000DD074281CD07A281AD01DE0626901218A
:100B9000019890476C2802D045F0040514E045F018
:100BA00002050DE045F020050AE062690121019887
:100BB0009047682802D045F0080505E045F4006537
:100BC0006269012101989047C4E9015765283DD029
:100BD00019DC58287AD00CDC452837D004DC2528CD
:100BE00026D0412831D131E046282FD047282CD1BA
:100BF0002CE05B2877D0612828D063287CD064283B
:100C000023D15AE0D1E06F2848D008DC66281DD0F7
:100C100067281BD0692821D06E2816D127E07028BC
:100C200045D0732868D0752847D078280DD14DE07D
:100C3000A1690B988847054625283FF469AFE1690B
:100C40000B9888476D1C3FF46AAFB4E023466A46B0
:100C50006FF001000B99AFF300809FE045F040007A
:100C60006060A80723464FF0000236D43EE0E80754
:100C70007FF447AF2068011D21600068290501D578
:100C800006701BE7290701D5068017E7A90703D5DA
:100C9000F117C0E9006111E706600FE745F0400079
:100CA0006060A80723464FF0080216D41EE040F605
:100CB0000E0125EA0100606016E045F0400060602A
:100CC000A80723464FF00A0207D40FE045F0400082
:100CD0006060A80708D5234610226FF001000B9929
:100CE000AFF300805AE007E0234610226FF00100C6
:100CF0000B99FFF7BDFA51E04FF000094F464B4604
:100D0000632802D05B2807D041E02079C00601D4D7
:100D10000120A06001273AE0626901210198904713
:100D20005E2805D14FF00109626949460198904754
:100D3000216939B900210A46534643F82120491C4C
:100D40000829FADBB0B3216969B9C11700EBD16298
:100D500053110AEB830122F01F02821A01200B6853
:100D6000904003430B6062690121019890475D2820
:100D7000E8D1B9F1000F09D00020514651F82020E8
:100D8000D24341F82020401C0828F7DB02AB224662
:100D900000976FF001000B99AFF3008000280CDA88
:100DA000401C08D1BBF1000F05D04FF0FF300DB053
:100DB000BDE8F08FFFE74046F9E7E90701D108F108
:100DC000010806444FF0000B78E60000CCCCCC0CB8
:100DD00010B5141E73F1000408DA401C41F1000143
:100DE00092185B411A4301D120F0010010BD2DE99A
:100DF000F04D92469B4611B1B1FA81F202E0B0FA91
:100E000080F220329046FFF7D0FB04460F4640EABE
:100E10000A0041EA0B0153465A46084313D01146D3
:100E200053EA010019D0C8F140025046FFF7CCFB4D
:100E300005460E46504659464246FFF7B6FB084364
:100E400005D0012004E020463946BDE8F08D0020A1
:100E5000054346EAE0762C4337430A986305E40AE3
:100E6000A0EB08000022FD0A44EA47540A3002D5EC
:100E700000200146E9E7010510196941DDE908454F
:100E800000196941BDE8F04DA2E700007F2801D9B3
:100E9000002208E0064A02EB5002C007127800D197
:100EA000120902F00F020120904008407047000034
:100EB0007086000870B58C1810F8015B15F00703F8
:100EC00001D110F8013B2A1106D110F8012B03E0E3
:100ED00010F8016B01F8016B5B1EF9D12B0705D4EB
:100EE0000023521E0DD401F8013BFAE710F8013B34
:100EF000CB1A921C03E013F8015B01F8015B521E50
:100F0000F9D5A142D8D3002070BD000010B500284B
:100F100001DA002002E0022800DD02200E4C2073DE
:100F200000F04AFA4169E069884700F045FA4169F2
:100F3000206A8847207B012808D002280BD100F0C6
:100F40003BFA0169206ABDE81040084700F034FA16
:100F50000169E069F7E710BD6000002038B550482E
:100F6000008800287ED04FA15148FFF73EF998B184
:100F70006A4650A1FFF760F901280DD19DF80000E5
:100F8000012802D040B94FF0FF3002F0BFFD01F060
:100F9000BFFA142000F06EF94AA14548FFF725F981
:100FA0004B4C80B16A464BA1FFF746F900F004FABA
:100FB000C269009808B1012100E00021A0699047B2
:100FC000142000F057F947A13948FFF70EF980B116
:100FD0006A4647A1FFF730F900F0EEF9C2690098C0
:100FE00008B1012100E00021606A9047142000F060
:100FF00041F943A12E48FFF7F8F880B16A4643A1B2
:10100000FFF71AF900F0D8F9C269009808B1012178
:1010100000E00021206A9047142000F02BF93EA147
:101020002348FFF7E2F880B16A463EA1FFF704F9D2
:1010300000F0C2F9C269009808B1012100E0002166
:10104000E0699047142000F015F939A11848FFF71E
:10105000CCF868B16A4638A1FFF7EEF8009800B105
:10106000012000E01AE000F0E9F9142000F002F994
:1010700033A10F48FFF7B9F860B16A4632A1FFF714
:10108000DBF89DF8000001F0F1FB01F041FA1420BB
:1010900000F0F0F8BDE8384000F0DAB938BD0000E3
:1010A0004801002066616E5F73706565643D0000F5
:1010B000D814002066616E5F73706565643D2568B5
:1010C000687500006C65645F77686974653D000051
:1010D000600000206C65645F77686974653D256415
:1010E000000000006C65645F677265656E3D00001E
:1010F0006C65645F677265656E3D25640000000085
:101100006C65645F626C75653D0000006C65645FD2
:10111000626C75653D2564006C65645F7265643D55
:10112000000000006C65645F7265643D256400002A
:10113000646F6F723D000000646F6F723D25640044
:101140006D6F64653D0000006D6F64653D256868E6
:101150007500000010B501F0DDFA00287BD0424890
:101160000178424805290ED30278AA2A0BD1427889
:10117000552A08D1421812F8023C552B03D112F817
:10118000012CAA2A0ED029B30078394C0F2843D25B
:10119000DFE800F042171B21252A2C3135373B3D73
:1011A0003F4662000222891E08E0835C23B1835C13
:1011B0000E2B01D8805CE8E7521CD2B28A42F4DBE5
:1011C0002AE000F0F9F8016902E000F0F5F8416961
:1011D000A069884720E000F0EFF8016902E000F024
:1011E000EBF84169606AF4E7012001E04FF0FF305D
:1011F00002F08CFC10E0002002F090FC0CE00120DA
:1012000000E00220FFF782FE06E00020FAE701205E
:1012100000E0002000F012F9BDE8104001F072BAC1
:1012200000F0CAF84169A069884700F0C5F8416933
:10123000606A884700F0C0F84169206A884700F07A
:10124000BBF84169E0698847002000F0F7F800200A
:10125000FFF75CFECFE705E000F0AEF84169A0695A
:101260008847BCE710BD000058000020AC090020F2
:101270006000002070B5054600F09EF80A4C816AB7
:101280006069884700280ED100F096F8016960690E
:101290008847284602F01EFC00F08EF8416960691C
:1012A000BDE87040084770BD60000020FEE70028E0
:1012B0000DD000210173417B002908D0816821B144
:1012C00000228188006800F0EBBB0122F9E770473B
:1012D0002DE9F041074615460E46102002F002FDAA
:1012E00004000FD02760A6800020A5602073012194
:1012F0006173A073204600F021F80028204602D137
:1013000002F022FC0020BDE8F08110B5040006D0F8
:1013100000F006F82046BDE8104002F015BC10BDF4
:1013200010B5040008D0A07B20B12046FFF7BFFF16
:101330000020A073012010BD002010BD38B50400AE
:1013400003D0A07B18B1012038BD002038BD16495C
:101350002068884202D10121042010E0134988420C
:1013600002D1012108200AE01149884202D101215D
:10137000102004E00F49884203D10121202001F010
:1013800073F8A088ADF8000010208DF8030003204A
:101390008DF802006946206800F000FB2046FFF748
:1013A00086FF0120A073CEE700080140000C014039
:1013B0000010014000140140004870472800002040
:1013C000002800D0407B7047002800D0007B704789
:1013D00000280DD001210173417B002908D08168CC
:1013E00009B1012200E000228188006800F058BBAA
:1013F000704700280DD0417311B1017B00F00AB88D
:10140000816821B100228188006800F049BB012277
:10141000F9E77047002804D009B1FFF7D9BFFFF7FB
:1014200046BF7047002807D0017B19B15FF000016B
:10143000FFF7F0BF0121FBE7704770470100034849
:10144000C06A00D05A2101F0ABB800006000002053
:1014500010B54FF480710348FEF7B0FE024900203A
:10146000088010BDD814002048010020F0B50646C1
:1014700091B00121042000F0F7FF0121480400F0A1
:10148000E7FF18208DF8230004248D4FADF820408D
:1014900003258DF8225008A9384600F07FFA8DF810
:1014A00023400820ADF820008DF8225008A93846C6
:1014B00000F074FA002404960C20ADF81A00814E56
:1014C000ADF81640ADF81C40ADF81840ADF814402A
:1014D00004A9304601F016FE0121304601F0C9FD95
:1014E000012240F22551304601F0F3FD26208DF80F
:1014F000240001208DF827008DF825008DF8264066
:1015000009A800F079FB0121042000F0ADFF1020B4
:10151000ADF828008DF82B008DF82A500AA938461E
:1015200000F03CFA1021384600F0B6FAC82002F06C
:10153000D1FA1021384600F0B1FAFFF789FF0020F8
:1015400002F016FC02F098FD01235FA2102100209A
:1015500002F0C0FC012360A22021002002F0BAFCAE
:1015600001235FA220212C2002F0B4FC02F084FDB4
:101570005C4E02E0642002F0ADFA5BA15BA000F0DB
:1015800051F910B130780028F4D1012359A220215B
:101590002C2002F09FFC02F06FFD02E0642002F0BC
:1015A00099FA51A154A000F03DF910B1307800280B
:1015B000F4D1012354A220212C2002F08BFC02F054
:1015C0005BFD02E0642002F085FA47A14FA000F025
:1015D00029F910B130780028F4D101234AA2202142
:1015E0002C2002F077FC02F047FD02E0642002F0BC
:1015F00071FA3DA14DA000F015F910B13078002826
:10160000F4D101234DA220212C2002F063FC02F032
:1016100033FD02E0642002F05DFA49A14AA000F027
:1016200001F910B130780028F4D1012350A2202113
:101630002C2002F04FFC02F01FFD02E0642002F0BB
:1016400049FA29A14BA000F0EDF810B1307800283C
:10165000F4D101234BA220212C2002F03BFC02F00C
:101660000BFD02E0642002F035FA47A149A000F02A
:10167000D9F810B130780028F4D13570012354A284
:1016800020212C2002F026FC02F0F6FC3470FFF73B
:10169000DFFE51A000F0EAF8C82002F01BFA10AB00
:1016A0000FAA0EA90DA88DE80F000CAB0BAA57A12D
:1016B0005B48FEF7C1FDFFF7CBFE11B0F0BD0000A7
:1016C0000008014000440040D5FDD4DAC1ACBDD3D0
:1016D000574946492E2E2E00BDF8B6C83A2E0000B6
:1016E00031302500630000204F4B000041540D0AAB
:1016F000000000003230250041542B43574D4F4429
:10170000453D330D0A0000003330250041542B4382
:10171000574A41503D2271696469616E222C2271E1
:1017200064636638383838220D0A000041542B4370
:1017300049504D4F44453D310D0A000035302500DC
:10174000434F4E4E4543540041542B43495053544C
:101750004152543D22544350222C2262656D6661F1
:101760002E636F6D222C383334340D0A00000000D4
:101770003830250041542B43495053454E440D0AFF
:101780000000000039302500636D643D312672652C
:10179000733D3100636D643D31267569643D643489
:1017A00037643530383064646134346235663939D1
:1017B0006530353362643030366132333932267405
:1017C0006F7069633D636F6E74726F6C0D0A000019
:1017D0003130302500000000636D643D37267569A7
:1017E000643D643437643530383064646134346265
:1017F00035663939653035336264303036613233BD
:10180000393226747970653D310D0A0025642D2525
:10181000642D25642025643A25643A25640000007F
:10182000D814002070B50E460546C824FEF7EFFC1C
:1018300082B229460B4801F0C5FC0EE000F02CF8FE
:1018400040B931460848FEF7D0FC18B1FFF700FE5A
:10185000002070BD0A2002F03DF9641EE4B2EDD212
:10186000012070BD00440040D814002010B504468B
:1018700007480078002809D12046FEF7C8FC214619
:1018800082B2BDE81040034801F09CBC10BD0000CE
:1018900063000020004400400648018831B14288BE
:1018A000914205D100210180084670470120704710
:1018B0004180FBE74801002070B505464FF4302613
:1018C000304600F059F8042811D1094C206940F045
:1018D000020020616561206940F0400020613046CF
:1018E00000F04AF8216941F6FD721140216170BD96
:1018F0000020024008490420CA68D20701D0012014
:101900007047CA68520701D502207047C968C906E6
:10191000FBD5032070470000002002400248016907
:1019200041F080010161704700200240F0B5064699
:101930004FF400570D46384600F01EF804280CD12D
:10194000064C206940F0010020613580384600F0E7
:1019500013F82169BA1E11402161F0BD0020024038
:1019600003480249416003494160704723016745CC
:1019700000200240AB89EFCD00B50346FFF7BAFF68
:1019800003E000BFFFF7B6FF5B1E012803D0002B6A
:1019900000D1052000BD002BF4D1FAE7F0B5CA78DC
:1019A000002502F00F03D20601D58A7813430A7886
:1019B0004FF00F0E12F0FF0F4FF001021CD0046821
:1019C0000F8802FA05F63740B74211D14FEA850C6D
:1019D0000EFA0CF724EA070703FA0CF43C43CF781D
:1019E000282F02D0482F02D002E0466100E00661B5
:1019F0006D1C082DE4D304600C88FF2C1ED94468AC
:101A00005FF0000606F1080702FA07F50F882F407D
:101A1000AF420FD14FEA860C0EFA0CF7BC4303FA23
:101A20000CF73C43CF78282F00D14561CF78482F61
:101A300000D10561761C082EE4D34460F0BD00009F
:101A4000F0B5144C002801DAE36900E06368420D48
:101A5000120185B2C0F301579540C0F30346032F2E
:101A600005D0C2020AD50322B240934307E023F017
:101A70007062636823F07063636002E0AB4343F01D
:101A8000706201B12A43002801DAE261F0BD6260B0
:101A9000F0BD0000000001404161704701617047E6
:101AA0000AB10161704741617047FEE710B500203F
:101AB00000F01CF80C4C012860700DD16079217980
:101AC000401CB0FBF1F201FB12006071002060725B
:101AD00002F04EF902F0D0FA6078022802D1607A62
:101AE000401C607210BD00006000002070B5214EE7
:101AF000214D224C012108B1317001E0307858B1FC
:101B0000D5F8300168B1D5F83C0150B1D4F80C01DA
:101B100038B1D4F8100120B1D5F8300101281AD01D
:101B200026E00A2001F0D6FF00203070D5F8300101
:101B300048B1D5F83C0140B1D4F80C0138B1D4F823
:101B4000100130B114E0012070BD022070BD0320EF
:101B500070BD042070BDD5F83C01012808D1D4F82F
:101B60000C01012804D1D4F81001012800D13170F2
:101B7000002070BD5400002000002142008021425E
:101B800038B501210D2000F06FFC01210B48FFF753
:101B900057FF1820ADF8000048248DF8034069462F
:101BA0000748FFF7FBFE6002ADF800008DF8034028
:101BB00069460448FFF7F2FE38BD0000000230001D
:101BC000000C01400008014008B50422694606489F
:101BD00000F019FD05490098884202D104490861C6
:101BE00008BD00F095FC08BD00FC000878563412D2
:101BF00060000020FEE7704770B50F23C4780178BD
:101C00000122F4B1144C2468457804F4E064C4F56E
:101C1000E064240AC4F10406E3408478B5401C4023
:101C20002C4301F1E021230181F80034007800F019
:101C30001F018A404009800000F1E020C0F8002127
:101C400070BD01F01F0082404809800000F1E020D3
:101C5000C0F8802170BD00000CED00E0024908438F
:101C600002490860704700000000FA050CED00E032
:101C70002DE9F04107460E46002080461A492AE029
:101C8000BB4227D101EB82029388B34222D100EB01
:101C9000800011EB800524D0182002F023F8041EE8
:101CA00016D0A8682060A889A0804FF47A70A06040
:101CB000A4F80C8084F80E802761A682A87BA0750A
:101CC0002946204600F022F8204600F0D9F92046A7
:101CD000BDE8F081401C00EB800251F82230002B5F
:101CE000CED10020F4E700002884000880897047E6
:101CF0008068704700487047000000200068808DB1
:101D0000401C70470068008D401C70472DE9F04171
:101D100004460D46086866498CB0884202D101210C
:101D2000042004E06349884203D10121082000F027
:101D30009BFBE87B38B10121084600F095FB0121AF
:101D40002869FFF77DFEA888ADF82C0018208DF8D3
:101D50002F0003208DF82E000BA92868FFF71EFE28
:101D6000554EA8684FF40068B04204D101214046A6
:101D700000F07AFB12E0B0F1804F05D04F49884265
:101D800005D10121022007E00121084604E04C4969
:101D9000884203D10121042000F05AFB40F2E730D1
:101DA000ADF8240047200025ADF82000ADF82650FE
:101DB000ADF822502068434FB04201D0B84201D163
:101DC0008DF8285008A9206801F01EF86020ADF8B1
:101DD00000000120ADF802000002ADF80650ADF899
:101DE0000850ADF80C00A07D40B12068B04201D091
:101DF000B84203D10420ADF8040001E0ADF804506E
:101E0000ADF80A50ADF80E50A08830B104280DD0BE
:101E1000082814D00C2823D11AE06946206800F065
:101E2000E3FE0821206800F01FFF19E069462068E2
:101E300000F020FF0821206800F05CFF10E06946F8
:101E4000206800F061FF0821206800F09BFF07E098
:101E50006946206800F09CFF0821206800F0CAFF56
:101E60000121206800F050FE2068B04201D0B84245
:101E70001AD1A07D002817D004A800F060FE102021
:101E8000ADF816008002ADF81C00ADF81850ADF8A2
:101E900010800011ADF81A50ADF81200ADF81450D2
:101EA00004A9206800F03AFE0CB0BDE8F081000003
:101EB00000080140000C0140002C014000040040DB
:101EC0000008004000340140807B70472DE9F04756
:101ED0000F46044686B016460068002100F054FE06
:101EE0002068078520688685684600F0C9FADFF813
:101EF000A48025682849DFF8A490454501D04D45C8
:101F000003D103984968890402E0029849684905A9
:101F1000002900DA40007F1CB0FBF7F1701CB1FB18
:101F2000F0F0A060A089FEF711FBA17DDFF870A0A2
:101F3000074639B1454501D04D4503D15146FEF71D
:101F400092FA07463046FEF701FB3946FEF78EFA55
:101F50005146FEF7BDFAFEF7FEFAA18880B231B114
:101F6000042906D0082906D00C2908D105E0A88646
:101F700005E0288703E0A88701E0A5F84000A07BE2
:101F8000002803D00121206800F0FEFD06B0BDE866
:101F9000F0870000002C0140001002400034014096
:101FA0000000C8422DE9F04105460E460846FEF7FE
:101FB000D2FAA881A87D164F2C6850B115488442EA
:101FC00002D01548844204D131463846FEF748FA1B
:101FD0000646A08DFEF7BAFA3146FEF747FA3946B3
:101FE000FEF776FAFEF7B7FAA98880B249B104295C
:101FF00009D0082909D00C2901D1A4F84000BDE876
:10200000F081A086FBE72087F9E7A087F7E70000CB
:102010000000C842002C01400034014030B585B0BA
:10202000044681600D46684600F02AFA114A20688D
:102030001149904202D0114A904203D1039A496853
:10204000890402E0029A49684905002900DA520031
:102050004FF47A714D43B2FBF5F1491EB1F5803F63
:1020600001D34FF6FF710185216840F2E730888582
:1020700005B030BD002C014000100240003401408A
:1020800070B504460120A07320680188C90702D1F9
:10209000012100F079FDA1880122206800F058FD9F
:1020A000A07D0B4D0B4E40B12068A84201D0B0423C
:1020B00003D1A188042200F056FD2068A84201D077
:1020C000B04204D1BDE87040012100F067BD70BD91
:1020D000002C01400034014070B504460020A0737C
:1020E000A1880022206800F033FDA07D0B4D0C4E2E
:1020F00040B12068A84201D0B04203D1A18800229B
:1021000000F031FD2068A84201D0B04204D1BDE802
:102110007040002100F042BD70BD0000002C014065
:102120000034014070B55A4C6078032801D004286F
:1021300029D11420FFF79EF8607A20B102280CD034
:1021400003281ED114E06078032804D05FF000005B
:1021500000F08CFB15E00120FAE7FFF72DF9C269CA
:102160006078032802D00021A06909E00121FBE783
:10217000FFF722F9C2696078032827D00021606A3E
:10218000904700F0C5F90020A0712072E078F8B106
:1021900040A6012121723E49227830313F4D51F84D
:1021A000222028463EA101F027F8217A324605EB8D
:1021B0000120491C21723DA101F01EF8FFF7FCF837
:1021C000816AA069884728B13BA204E00121D6E7D3
:1021D0003AA6DEE73BA2217A05EB0120491C2172D9
:1021E00039A101F009F8FFF7E7F8816A606A8847CA
:1021F00008B131A200E033A2217A05EB0120491C8D
:10220000217234A100F0F8FF627A207AB2FBF0F17B
:1022100000FB1123A1798B4201D208460CE0B2FBEE
:10222000F0F100FB1123411E8B4201DD401E03E053
:10223000B2FBF0F100FB1120C0B26072E179401AEC
:10224000411C01D5002000E0401CA072002611E0D6
:10225000F0B201F07DFDA07A617A3044884201D06D
:10226000012300E0002305EB0022F0B2002101F081
:1022700054FE761CE079217A884200D30846B042A9
:10228000E6DC01F0F9FEBDE87040002001F070BD11
:1022900060000020CEB4C1ACBDD30000D80A00203D
:1022A000C4A3CABD3A2020202573000057494649DF
:1022B000D7B4CCAC3A2573004F4E0000D2D1C1AC9C
:1022C000BDD300004F464600CCA8B5C63A2020201A
:1022D00025730000BFCDCCFCB5C63A2025730000A5
:1022E00070B54D4C6178032901D0042924D1627A5C
:1022F00032B14FF0FF30012A0BD0022A17D10EE085
:10230000032904D05FF00000FFF798F80FE00120E8
:10231000FAE7032900D1012001F0F8FB07E00329C7
:1023200000D10120217B084440B2FEF7EFFD00F010
:10233000EFF81420FEF79EFF0020A0712072E06AE3
:1023400000F011F95A282ED034A2354E217A06EB2E
:102350000120491C217233A100F04EFF217A06EBC7
:102360000120491C21722C49E27AB83151F822200F
:102370002FA100F041FF217A06EB0120491C2172B8
:102380002549227BC83151F822202CA100F034FFCE
:10239000617A207AB1FBF0F200FB1213A27993422A
:1023A00003D210460EE028A2CFE7B1FBF0F200FB0B
:1023B0001213421E934201DD401E03E0B1FBF0F216
:1023C00000FB1210C0B26072E179401A411C01D5C5
:1023D000002000E0401CA072002511E0E8B201F0EE
:1023E000B7FCA07A617A2844884201D0012300E03A
:1023F000002306EB0022E8B2002101F08EFD6D1CE7
:10240000E179207A814200D20846A842E6DCBDE8A4
:10241000704001F031BE0000600000204F464600D1
:10242000D80A0020B4B0BBA73A20257300000000F2
:10243000B7E7C9C83A20257300000000BFD5B5F73B
:102440003A202573000000004F4E00007047000046
:10245000044A0029D16901D0014300E08143D161E0
:102460007047000000100240044A0029916901D021
:10247000014300E081439161704700000010024079
:1024800030B51F494A6812F00C031E4A03D0042BD2
:1024900001D0082B21D002604A680F231A4C03EAAE
:1024A0001212A35C0268DA4042604B68072505EA15
:1024B0001323E35C22FA03F383604B6805EAD3231A
:1024C000E35CDA40C2604968032303EA9131231FC9
:1024D000595CB2FBF1F1016130BD4A684B6802F40E
:1024E00070124FF0020413F4803F04EB924202D0CA
:1024F0004B689B0301D5054B00E0024B5A43CAE7EA
:102500000010024000127A003801002000093D004E
:1025100004220249024800F0DDB8000070000020EB
:1025200000FC00082DE9F041074615460E46042040
:1025300001F0D8FB040010D031463846FFF798FB75
:10254000206060B12571204600F011F82946204630
:1025500000F026F82046BDE8F0810020FBE7204689
:1025600001F0F2FAF9E7002800D00079704710B5C1
:10257000040013D0206888B1FFF7BCFBFFF7BAFB5B
:10258000036940F2CF7240F2CF2120689847FFF7ED
:10259000B1FB016820688847012010BD002010BDF4
:1025A00070B505001AD02868002817D0B42900D9C2
:1025B000B4210C460846FDF7C9FF0949FDF756FF4F
:1025C0000849FDF785FF0849FDF7F8FE0646FFF7C5
:1025D00091FB82683146286890472C7170BD0000DD
:1025E00000002041000034430000204010B50023CB
:1025F00006E000BF30F8024B21F813405B1C9BB291
:102600009342F7D310BD521C5208FFF7EFBF0000F2
:102610002DE9F05FA0F1006415468A468346B4F5C3
:10262000803F52D2FFF79CF9A70AC4F34806C6F5CB
:102630000074A54200D82C46DFF894904FF000605B
:1026400000EB872080464FF400722149FFF7CEFF50
:1026500000204FF6FF7106E0331839F813208A4244
:1026600003D1401C80B2A042F6D3A04225D24046FE
:10267000FFF722F90020494607E000BF3AF8102092
:102680008319401C21F8132080B2A042F6D31049D0
:1026900040464FF4007200BF00F020F8A54210D071
:1026A000281B0AEB440AA344002685B24FF40074A9
:1026B0007F1CA542C2D82C46C0E722465146584648
:1026C000EAE7BDE8F05FFFF729B9BDE8F09F000039
:1026D000AC050020521C5208FFF79ABF2DE9F041CB
:1026E00016460F460546002408E000BF37F81410D0
:1026F0002846FFF71BF9641CA4B2AD1CB442F5D305
:10270000BDE8F08102480021417001700846704721
:102710005800002001484078704700005800002011
:1027200070B5054686B0012144F20400FFF79CFE17
:102730004FF40070ADF8100003248DF812401820FB
:102740001D4E8DF8130004A93046FFF727F9301508
:10275000ADF8100004208DF8130004A93046FFF7EF
:102760001DF925208DF814008DF8154000248DF8F2
:10277000164001208DF8170005A8FFF73DFAADF8C7
:102780000440ADF80640ADF80840ADF80C400C2010
:102790000A4CADF80A0000956946204600F0B2FCEC
:1027A000012240F22551204600F093FC01212046F1
:1027B00000F05FFC06B070BD000801400038014029
:1027C000704700000CB50021264801910091026875
:1027D00042F4803202604FF4A063026802F40032D7
:1027E0000092019A521C0192009A12B9019A9A42DF
:1027F000F3D10268920333D5012100911A490A6886
:1028000042F010020A600A6822F003020A600A68B5
:1028100042F002020A6041684160416841604168DB
:1028200041F480614160416821F47C11416041685C
:1028300041F4E8114160016841F080710160016874
:102840008901FCD5416821F003014160416841F0F4
:10285000020141604168C1F381010229FAD10CBD36
:1028600000910CBD001002400020024070B51C4CCD
:1028700005462078A84231D0022D2FD204F1500114
:10288000222201F12200FDF780FC2570FEF794FD65
:10289000416960698847FEF78FFD4169A0698847F3
:1028A000FEF78AFD4169606A8847FEF785FD416948
:1028B000206A8847FEF780FD4169E069884700216A
:1028C000E06AFFF76DFE002001F028F90020FEF716
:1028D0001DFBBDE870400020FEF7B0BD70BD0000DC
:1028E00060000020704700000F4810B5016841F0FB
:1028F0000101016041680D4A1140416001680C4AC4
:1029000011400160016821F480210160416821F4D7
:10291000FE0141604FF41F018160FFF753FF05493D
:102920004FF00060086010BD001002400000FFF88A
:10293000FFFFF6FE08ED00E010B501218C072046F0
:1029400000F039F9012807D100F0C4F82046BDE8AD
:102950001040012100F015B910BD000010B5434C26
:10296000C0B0A07800287FD00020A070E0780028B8
:102970007AD13FA247A14F4800F03EFC22784EA1F9
:10298000684600F039FC69464A48FDF722FCFEF72C
:1029900013FD816AA069884708B148A200E048A2F7
:1029A00048A1684600F028FC69464248FDF711FC42
:1029B000E06AFFF7D8FD5A2810D041A241A168462D
:1029C00000F01AFC69463B48FDF703FCFEF7F4FCF7
:1029D000816A606A884718B138A202E037A2EDE741
:1029E00037A238A1684600F007FC69463148FDF778
:1029F000F0FBFEF7E1FC816A206A884708B12FA24C
:102A000000E02FA22FA1684600F0F6FB6946294896
:102A1000FDF7DFFBFEF7D0FC816AE069884708B16B
:102A200026A200E026A227A1684600F0E5FB694641
:102A30002048FDF7CEFBE27A1FA1684600F0DCFBE0
:102A400069461C48FDF7C5FB1FA1684600F0D4FB92
:102A500069461848FDF7BDFB40B01648BDE8104078
:102A600000E001E0FEF702BF40B010BD60000020B2
:102A700064343764353038306464613434623566C8
:102A8000393965303533626430303661323339324A
:102A900000000000636D643D32267569643D257356
:102AA00026746F7069633D64617461266D73673D60
:102AB00000000000DE090020232564004F4E0000C6
:102AC0004F46460023257300236465765F64617476
:102AD0006123000070B50B4E4FF47A720023D6E9E3
:102AE0000E01401C41F1000105460C46C6E90E01ED
:102AF000FDF71AFB1A4303D10120B070C6E9105448
:102B000070BD0000600000200029018802D041F063
:102B1000800101E021F080010180704710B50A8832
:102B20004B88CC881A438B8823431A430B891A435A
:102B30004B8989891A430A43A0F8442010BD00211B
:102B4000018041808180C180018141818181704704
:102B500010B50123048C8B409C430484038C8A4071
:102B60001343038410BD10B50423048C8B409C4395
:102B70000484038C8A401343038410BDC94301823B
:102B80007047C943018270470029018802D041F093
:102B9000010101E021F0010101807047002930F8B6
:102BA000441F02D041F4004101E0C1F30E01018055
:102BB0007047808C704702460020138A92890B422E
:102BC00002EA010202D0002A00D001207047002A48
:102BD000828901D00A4300E08A43828170470189DB
:102BE00021F007010181704730B5028C22F001020B
:102BF0000284028C8388048B22F0020224F0730585
:102C00000C882C430D8915434A882A43114DA8424C
:102C10000BD0114DA84208D0104DA84205D0104D40
:102C2000A84202D00F4DA8420DD122F008054A89D2
:102C300023F440732A4322F004058A882A438D89AD
:102C40001D43CB892B4383800483C98881860284FA
:102C500030BD0000002C0140003401400040014024
:102C60000044014000480140028B22F008020A4360
:102C70000283704770B5028C22F010020284028C2D
:102C80008488038B0D8823F4E6464FF6FF7303EA2E
:102C9000052535430E8922F0200203EA0616164365
:102CA0004A8803EA02123243104EB04202D0104E5C
:102CB000B04215D122F080064A8924F4406403EA28
:102CC0000212324322F040068A8803EA021232439B
:102CD0008E8903EA86062643CC8903EA84043443BA
:102CE00084800583C9880187028470BD002C01405F
:102CF00000340140028B4FF6FF7322F4006203EAB6
:102D0000012111430183704770B5028C22F4807257
:102D10000284028C8488838B0D8823F073031D4307
:102D200022F400730E894FF6FF7202EA06261E4354
:102D30004B8802EA03233343104EB04202D0104EB8
:102D4000B04215D123F400664B8924F4405402EAC2
:102D50000323334323F480668B8802EA032333433F
:102D60008E8902EA06162643CC8902EA041434430B
:102D700084808583C9888187038470BD002C0140CD
:102D800000340140828B22F008020A43828370479C
:102D900070B5028C22F480520284048C8288838B6A
:102DA0000D8823F4E6464FF6FF7303EA0525354305
:102DB00024F400560C8903EA043434434E8803EAB1
:102DC00006362643094CA04202D0094CA04205D148
:102DD00022F480448A8903EA821222438280858316
:102DE000C988A0F84010068470BD0000002C014086
:102DF00000340140828B4FF6FF7322F4006203EA35
:102E0000012111438183704730B502881B4B1C4C54
:102E100098420DD0A0420BD0B0F1804F08D0194D90
:102E2000A84205D0184DA84202D0184DA84203D19F
:102E300022F070054A882A43154DA84206D0154D48
:102E4000A84203D022F44075CA882A4302808A88A7
:102E500082850A88028598420AD0A04208D00E4A8C
:102E6000904205D00D4A904202D00D4A904201D1C5
:102E7000097A01860121818230BD0000002C0140C9
:102E8000003401400004004000080040000C0040F5
:102E90000010004000140040004001400044014088
:102EA000004801402DE9FF410D4606460121084634
:102EB000FFF7CEFA4FF080473846FFF790FE002428
:102EC000ADF80640ADF802406D1E761EADF8045018
:102ED000ADF800608DF8084069463846FFF794FF6A
:102EE00001213846FFF74AFE012211463846FFF716
:102EF0006EFE4FF4A060FEF7B1FE1C208DF80C00B2
:102F000001208DF80F008DF80D008DF80E4003A8FC
:102F1000FEF772FE01213846FFF736FE3846FFF70E
:102F200048FE0028FAD0BDE8FF8100002DE9F041FD
:102F3000374C40F225552946204600F0ABF80128D1
:102F400064D1204600F034F9324AC0B25168491CBD
:102F5000516090705178F9B916782F4B01215EB10C
:102F600017780026322F18D2177803EB070C7F1C36
:102F700017708CF8000011E0AA2808D0461E0D2E0C
:102F80003ED816783344761C1670187037E01178E6
:102F90000B44491C1170187032E01670107802282A
:102FA00018D11878AA2815D15878552812D05F78EA
:102FB0001670AA2F08D0781E0D2821D81078034447
:102FC000401C10701F701AE010781918401C107007
:102FD0000F7015E01078052812D31878AA280FD1A1
:102FE000587855280CD11078184410F8020C552840
:102FF00006D11078184410F8010CAA2800D151709D
:1030000029462046BDE8F04100F02DB8BDE8F0812A
:103010000038014058000020AC09002070B50D4D6B
:1030200040F22551284600F035F868B10A4C208856
:10303000FF2801D900202080284600F0B9F8074A6F
:1030400021885054491C21802846BDE87040202129
:1030500000F006B80044004048010020D8140020C9
:10306000C943018070470A0A01219140C943018088
:1030700070470029818902D041F4005101E021F418
:103080000051818170470246002012880A4200D018
:103090000120704730B501F01F0201240025C1F363
:1030A000421304FA02F2012B0FD0022B0FD0838AB5
:1030B0004FEA11210088134204FA01F400EA0400E7
:1030C00001D000B10125284630BD8389F0E7038A8D
:1030D000EEE710B5C1F3421301F01F040121A14036
:1030E000012B07D0022B07D01430002A026805D02C
:1030F0000A4304E00C30F8E71030F6E78A43026038
:1031000010BD000030B50446008A85B00D464CF66F
:10311000FF710840E98801432182A1894EF6F3102E
:103120000140A8882A8910436A890A431043A08174
:10313000A08A4FF6FF410840A9890143A182684651
:10314000FFF79EF91948844201D1039800E00298E4
:10315000A189090400EBC00101EB0010296801D529
:10316000490000E08900B0FBF1F06422B0FBF2F10D
:1031700009010B096FF018056B4300EB8300A3896D
:103180001D044FF0320306D503EBC000B0FBF2F094
:1031900000F0070005E003EB0010B0FBF2F000F0D8
:1031A0000F000843208105B030BD00000038014009
:1031B0008088C0F308007047C1F308018180704720
:1031C000FEE700002DE9F04116460D4607460024B3
:1031D0000DE000BF15F8011B3846FFF7EDFF402159
:1031E0003846FFF750FF0028F9D0641CA4B2B4425F
:1031F000F0D3BDE8F08100000FB4084B10B504A96E
:1032000002AA039800F0DEF8044602A9002000F0AC
:103210005CFC204610BC5DF814FB0000CB3A0008B3
:1032200002E008C8121F08C1002AFAD1704770478F
:10323000002001E001C1121F002AFBD170470000ED
:103240002DE9FF5F82B00021DDE90430020DDDF8D9
:1032500040B0034318D044F61050A2F2FF3242436C
:103260001514119801281FD0A5EB0B00401C5FEA34
:10327000000A4FF000064E4FDFF83891B046504636
:1032800015D5CAF1000413E0119801244AA30128BE
:1032900001D16FEA0B010298119AC0E90031C0E92F
:1032A000024206B0BDE8F09FCBF10000DFE7044624
:1032B0000021404A491842EB0450CDE9001012E0C9
:1032C000E00707D032463B4640464946FDF7ACFA98
:1032D0008046894632463B4610461946FDF7A4FA19
:1032E00006460F466410002CEAD1DDE90401DDE951
:1032F0000023BAF1000F06DAFDF796FA42464B4674
:10330000FDF792FA05E0FDF701FB42464B46FDF75B
:10331000FDFA04460E460022284BFDF77FFB03D83A
:103320004FF0FF30014607E00022254B2046314692
:10333000FDF7D3F9FDF759FB102409E0002C0ADB57
:103340000A220023FCF7F0FE039B30321A55641E5C
:1033500050EA0102F2D1641C039AC4F1110314442F
:10336000119A012A03D0012208430DD10AE0084333
:1033700004D000204FF0110B119072E7A3EB0B0566
:103380006D1E0DE05B4504DD4FF0000205F1010507
:1033900004E003DA4FF00002A5F10105002AECD0A9
:1033A00002981199C0E90231C0E9004579E70000AF
:1033B000000014400000F03F300000000000F04327
:1033C0000000E03F2DE9FF4F95B09A46884606463B
:1033D0000025EEE1252877D100242746F94A01216E
:1033E000039400E0044316F8013F203B01FA03F088
:1033F0001042F7D130782A2811D06FF02F0330789F
:10340000A0F13002092A16D8039A44F0020402EB14
:10341000820203EB42021044761C0390EFE758F857
:10342000042B0392002A03DA504244F40054039020
:1034300044F00204761C30782E2816D116F8010FBD
:1034400044F004042A280DD06FF02F023078A0F148
:103450003003092B09D807EB870302EB4303C71896
:10346000761CF3E758F8047B761C30786C280FD074
:1034700006DC4C2817D068280DD06A2814D104E047
:10348000742810D07A280FD10DE044F400140AE01B
:1034900044F4801401E044F440147278824202D172
:1034A00004F58014761C761C307866280BD013DC6B
:1034B000582877D009DC002875D04528F6D0462852
:1034C000F4D047281AD193E118E0632835D0642856
:1034D00079D0652812D18BE1702873D008DC672879
:1034E000F1D069286FD06E280DD06F2806D1ACE0DE
:1034F00073282CD0752874D0782853D05246179949
:1035000090476D1C54E1C4F30250022809D00328EF
:103510000DD0D8F8001004280DD00D6008F1040873
:1035200046E1D8F80010EA17C1E90052F6E7D8F8EA
:1035300000100D80F2E70D70F0E718F8041B8DF80D
:10354000001000208DF80100EB46012003E058F840
:1035500004BB4FF0FF3061074FF0000102D40DE0D3
:1035600009F101018946B9420FDA8145F8DB1BF800
:1035700009100029F4D108E009F1010189468142CE
:10358000FADB1BF809100029F6D103985346A0EB8B
:10359000090721463846179A00F080FA284400EBC4
:1035A000090507E044E008E10DE01BF8010B524675
:1035B00017999047B9F10109F7D253462146384689
:1035C000179AF2E039E00A21C4F302524FF0000BDF
:1035D0000091022A06D058F8040BC117032A09D01B
:1035E0000AE023E008F1070020F00702F2E80201F8
:1035F000904605E000B2C117042A01D140B2C117BC
:10360000002906DA0A460021404261EB02012D2220
:1036100002E0220504D52B228DF80420012203E0CC
:10362000E20701D02022F7E7914657E00A2100E0A7
:1036300010214FF0000B00910BE010214FF0000B18
:1036400044F004040827009103E008204FF0000B29
:103650000090C4F30252022A05D058F8040B00214E
:10366000032A08D008E008F1070020F00702F2E87A
:103670000201904603E080B2042A00D1C0B24FF0AC
:10368000000922072AD53278702A07D0DDF800C059
:103690008CF0100C5CEA0B0C05D00EE040228DF88B
:1036A0000420012208E050EA010306D030238DF8FF
:1036B00004308DF8052002229146009B83F0080318
:1036C00053EA0B030AD150EA010201D1620705D582
:1036D00030228DF804204FF001097F1E3278582ADD
:1036E00004D039A20C920CAA02920BE03BA2F9E79B
:1036F0005B46009AFCF718FD0C9B9B5C029A521EDD
:103700000292137050EA0102F2D1029804A9081A39
:1037100000F1200B600702D524F4803400E001277B
:103720005F4502DDA7EB0B0000E0002000EB0B0182
:10373000009003984944401A0390E00306D453468E
:103740002146179A039800F0A9F90544002706E0DE
:1037500001A85246C05D179990476D1C7F1C4F45CC
:10376000F6DBE0030CD553462146179A039800F088
:1037700095F9054404E030205246179990476D1C96
:103780000099481E00900029F5DC08E00298029993
:1037900052460078491C0291179990476D1CBBF165
:1037A0000001ABF1010BF1DC5BE100F065F90544D0
:1037B000761C307800287FF40DAE19B02846BDE89D
:1037C000F08F0000092801003031323334353637AC
:1037D000383961626364656600000000303132335D
:1037E00034353637383941424344454600000000FD
:1037F000600700D4062708F1070020F00700F0E872
:103800000223804603F0004C5FEA0C0001D097A031
:1038100009E0200501D596A005E0E00701D095A0BC
:1038200001E0AFF24C001390307823F0004365289C
:103830000CD006DC452809D046281DD047287FD16A
:103840003BE0662818D067287AD136E00021112F96
:1038500001DB112000E0781CCDE9000104A90CA8CF
:10386000FFF7EEFCDDE90D010C9A4FF0000B07F1BC
:103870000109109200914EE04FF000400097CDE911
:10388000011004A90CA8FFF7DBFCDDE90D020C9B7D
:103890000F994FF0000B91461093009211B9791CCB
:1038A00000EB0109B7EB090003D4C0F1FF3B07F1BE
:1038B0000109A9EB0700019042E0012F00DA01277E
:1038C0000021112F01DD112000E03846CDE9000173
:1038D00004A90CA8FFF7B4FCDDE90D010C9A0091D6
:1038E0004FF0000BB946109221070FD4009A4A45B9
:1038F00003DA914601E0A9F10109B9F1010F05DDF3
:10390000109AA9F10101515C3029F4D0B84202DAD1
:1039100010F1040F03DA0121CDE9011010E00028B5
:1039200003DC8344A9EB000102E0411C494500DDB2
:103930008946A0EB0B00401C01904FF00040029024
:10394000200705D40198484502DB4FF0FF30019075
:1039500000208DF84B0002980DF14B07B0F1004F9D
:1039600025D002200C902B200D90029800280CDA14
:10397000404202902D200D9007E00A210298FCF7AA
:10398000FEFD3031029007F8011D0C99481E0C9085
:103990000029F2DC02980028EFD1791E0D980870FA
:1039A000307800F0200040F0450007F8020D11A823
:1039B000C01BC01D02901398007800B1012000EBDD
:1039C0000901019801EBE071029801440398401A43
:1039D000401E0390E00306D453462146179A0398ED
:1039E00000F05CF805441398007818B15246179916
:1039F00090476D1CE00323D553462146179A039840
:103A000000F04CF805441BE0BBF1000F07DB009809
:103A1000584504DD1098179910F80B0001E017992C
:103A200030205246904701980BF1010B401E05F1E2
:103A30000105019004D12E205246179990476D1C24
:103A4000B9F10001A9F10109DEDC05E017F8010B6D
:103A50005246179990476D1C0299481E0290002902
:103A6000F4DC53462146179A03989EE62D00000089
:103A70002B000000200000002DE9F0410446002545
:103A80001E461746880404D405E039462020B04776
:103A90006D1C641EF9D52846BDE8F0812DE9F04182
:103AA000044600251E469046C80301D5302700E095
:103AB0002027880404D505E041463846B0476D1CF0
:103AC000641EF9D52846BDE8F0810A68531C0B60D6
:103AD0001070704700B502464FF47A7302E0184642
:103AE00000F003F8521EFAD200BD00EBC000C10086
:103AF0004FF0E020416100218161052101610169F0
:103B0000C903FCD504210161704700000249C97A4C
:103B1000084440B200F002B86000002070B5084DC3
:103B2000084980F30200E872085CFCF70FFD0446C8
:103B3000FEF7E0F882682146A86ABDE870401047A9
:103B4000600000206C86000810B5002821D0114BC1
:103B50000022001F196803E0814203D80A46496821
:103B60000029F9D152B11368841A9C4204D100682B
:103B700018441060104602E0506000E0186039B14F
:103B800002680B1A934203D10B681A440260496819
:103B9000416010BD4C01002001211D20FEF764FC96
:103BA000FEF7A2FEFDF7ECFF4FF47A714820FFF715
:103BB00079F9424D4FF400732A465E1031461046A3
:103BC00000F0E6F90122570339463D48FDF780FB36
:103BD0003C4C0022A91460612846FDF779FBA061E6
:103BE000002239462846FDF773FB60620022B101CE
:103BF0002846FDF76DFB20620022F1012846FDF703
:103C000067FB314DE06131462846FEF731F8A0628E
:103C1000002240212846FEF785FCE0620020FFF7E5
:103C20007DFF0020FDF772F90120FEF71FFEFDF772
:103C3000CBFF4FF4E13600254FF4966700210123B6
:103C400022A2084600F046F9012323A220210020E9
:103C500000F040F900F010FA0020FDF747FF607017
:103C600001281AD00228E9D1002000F081F800F0E4
:103C700003FA4FF41650FEF753FD124D15F14805A7
:103C8000FDF714FFFDF766FAFDF768F9FEF766FE2B
:103C9000607955F820008047F2E7002000F068F8CE
:103CA00000F0EAF93046FDF7E1FBE0780028DBD0D0
:103CB0003846FFF70FFF6570C0E70000000C0140B9
:103CC000001001406000002000080140CAC7B7F1A1
:103CD000D2AAC1AACDF80000312ECAC72020322EA8
:103CE000B7F10000F0B50B30154D20F007010024AE
:103CF000144A0FE003688B420BD38B4205D95E1A3E
:103D000043184768C3E9006700E04368136002C0D6
:103D100004E0021D10680028ECD12046002802D1E2
:103D2000286808B10020F0BD064A07481060074A1D
:103D3000121A22F00702C0E9002401202860D7E708
:103D4000500100204C010020DC150020D825002067
:103D5000000708B5010E402908D20020009001F1AB
:103D60000F00C3B27F22002000F0F8F808BD000069
:103D700002464FF480610148FCF719BA5A0100204D
:103D80002DE9FF4F203A1F460D46894602F0FF0AF3
:103D90000024DFF878B034E00D980C2F06D000280E
:103DA0001B4800EB0A1007D0065D08E000280AEB6C
:103DB0004A010BEB8100F7D1005DC043C6B24FF062
:103DC0000008300601D5012200E0002229460098B3
:103DD00000F0ACF870066D1C060EEDB2A5EB090004
:103DE000B84205D100984D46401CC0B2009006E094
:103DF00008F1010000F0FF08B8F1080FE1D3641CDE
:103E0000E4B2BC42C8D3BDE8FF8F0000E044000824
:103E1000544900082DE9FF4F89B09B4617460024FE
:103E2000274E284DDDF858800CE000BF04EBC4009D
:103E300006EB80004246006A3946FCF7EFF9A8B16C
:103E4000641CA4B228688442F0D32868844233D02A
:103E50000026EA460A98002500EB060905EB460114
:103E6000BBF1000F1AF801000AD108E004EBC4000E
:103E700006EB800124226846FCF787F9E5E7C0439A
:103E8000C7B20998002400EBC508380608EB040007
:103E900009F0FF01C0B201D5012200E0002200F0CC
:103EA00045F87806070E641C082CEEDB6D1C022D0D
:103EB000D4DB761C102ECDDB0DB0BDE8F08F0000FA
:103EC000444F00082484000838B502240094FFF70A
:103ED000A1FF38BD2DE9F8431F4614468846054624
:103EE000102615E0100609D53B46224641462846D5
:103EF000FFF7EAFFA819C5B2A41C09E03346414602
:103F000028460097FFF73CFF05EB5600C5B2641C3E
:103F10002278002AE6D1BDE8F88330B40C460007C9
:103F2000010E204630BCFFF7D5BF000010B57F283A
:103F300011D83F290FD801F0070301249C40E3B2B8
:103F4000054C04EBC00000EBD10081790AB11943A4
:103F500000E09943817110BD540100202DE9F04328
:103F60001E46174688460546DDF81C900CE0444680
:103F700006E04A4621462846FFF7D8FF641CE4B213
:103F8000B442F6D96D1CEDB2BD42F0D9BDE8F08364
:103F90007FB5384C3C25A580246884B90090ADF8E5
:103FA0000C300120ADF804108DF80E00029231495A
:103FB000684600F03FF910B1002004B070BDAE209B
:103FC00000F084F8202000F081F8102000F07EF846
:103FD000B02000F07BF8C82000F078F8002000F056
:103FE00075F8102000F072F8402000F06FF8812082
:103FF00000F06CF8FF2000F069F8A12000F066F8EE
:10400000A62000F063F8A82000F060F83F2000F040
:104010005DF8A42000F05AF8D32000F057F80020F3
:1040200000F054F8D52000F051F8F02000F04EF8E0
:10403000D92000F04BF8222000F048F8DA2000F0F8
:1040400045F8122000F042F8DB2000F03FF8202075
:1040500000F03CF88D2000F039F8142000F036F81C
:10406000AF2000F033F804460020FFF781FE204621
:10407000A3E700005401002070B5A0B0124E002448
:104080006D4600BF04F1B000C0B200F01FF8002080
:1040900000F01CF8102000F019F8002006EBC00119
:1040A000214489792954401CC0B28028F6D380214C
:1040B000684600F031F8002804D0641CE4B2082CF3
:1040C000E0D3012020B070BD540100202DE9F14162
:1040D000104981B001270A68002001AE002A11D0E2
:1040E00005468DF8000000248846305D8DF80100FB
:1040F00098F8041002236A46D8F8000000F000F98E
:1041000010B12846BDE8FC81641CA4B2BC42ECD3CB
:104110000120F7E7540100202DE9F041DFF8588035
:10412000074686B0D8F800000E460025D0B1CFB1C2
:10413000C6B140208DF800001AE0701B84B2102C2C
:1041400000D91024791922460DF10100FCF71DF861
:10415000601C83B298F804106A46D8F8000000F09A
:10416000CFF818B1002006B0BDE8F081281985B25B
:10417000B542E2D30120F6E754010020184910B5FA
:10418000884202D10121042022E01649884202D14E
:10419000012108201CE01449884202D1012110208D
:1041A00016E01249884202D10121202010E0104976
:1041B000884202D1012140200AE00E49884202D102
:1041C0000121802004E00C49884205D1012180159D
:1041D000FEF74AF9002010BD4FF0FF3010BD00007F
:1041E00000080140000C0140001001400014014093
:1041F00000180140001C014000200140C16889688E
:10420000008A014201D001207047002070470389D5
:10421000426809B1136100E05361408AFFF765BC51
:10422000038AC26809B1136100E05361408AFFF755
:104230005CBC0000F8B50E4604004FF0FF3122D000
:104240000EB3A07B03281ED22068E0B1A268D2B1D1
:10425000A288C2B1A289B2B1FFF790FF002811D1A4
:10426000A068FFF78BFF00280CD1244900EB8002E7
:1042700011F822204AB1401CC0B20228F6D300BF78
:104280006FF00100F8BD0846F8BD00EB800011EBAF
:1042900080054FF001002870F2D020686860A08887
:1042A0002881A068E860A0892882A07B18B1012835
:1042B00020D0022820D005206882A088ADF8000018
:1042C00014208DF8030003208DF802006946206851
:1042D000FDF764FBA089ADF800006946A068FDF712
:1042E0005DFB2168A0880861A168A08908610020A1
:1042F0003560F8BD0220DFE70120DDE75C05002026
:104300001CB548B1802907D232B12BB100240094EA
:10431000019400F04CF81CBD4FF0FF301CBD2DE99E
:10432000F0410E46002507462946FFF770FF0121A0
:104330003846FFF775FF002400213846FFF767FF76
:1043400001213846FFF763FF3846FFF757FF641C2B
:1043500065F35F00E4B2C5B2082CEDD30021384606
:10436000FFF755FF96B100213846FFF759FF0121AD
:104370003846FFF74CFF00213846FFF748FF012180
:104380003846FFF74DFF2846BDE8F0810121EBE7F5
:1043900010B504460121FFF73AFF01212046FFF73F
:1043A0003FFF2046BDE810400021FFF739BF2DE94F
:1043B000F05F05468A46DDE90AB7696800899846D4
:1043C0005FEA02094FF000060861E968288A08617F
:1043D0001BD0B8F1000F18D02846FFF7D9FF4FEADD
:1043E0004A60010E284600F049F808B100240AE0AE
:1043F0006FF002062EE019F80410284600F03EF88F
:10440000B8B1641CA4B24445F5D3BBF1000F21D070
:1044100007B32846FFF7BCFF012101EB4A00C1B2F8
:10442000284600F02BF80028E2D00024A7F101086C
:104430000EE06FF003060DE0444501D0012100E0DD
:1044400000212846FFF76BFF0BF80400641CA4B2A0
:10445000BC42F1D300212846FFF7D9FE00212846AF
:10446000FFF7DEFE01212846FFF7D1FE0121284695
:10447000FFF7D6FE3046BDE8F09F00002DE9F04181
:104480000D4607465FF0070425FA04F000F0010628
:1044900000213846FFF7BBFE31463846FFF7C0FE25
:1044A00001213846FFF7B3FE641EEDD500213846E2
:1044B000FFF7ADFE01213846FFF7B2FE0121384675
:1044C000FFF7A5FE3846FFF799FE38B1002400211A
:1044D0003846FFF79CFE2046BDE8F0810124F6E750
:1044E00000000000000000000000000000000000CC
:1044F0003F4000000000000000003000400030009D
:104500004000000009000BC03D000BC03D00090049
:1045100018C024407FE0224031800000180024C0F1
:104520001B000D803240018003801C4027401C800E
:104530000740004010006000000000000000000084
:104540000000000000001F802040402000004020AC
:1045500020401F8000000000090006001F800600A8
:1045600009000000040004003F8004000400000073
:1045700000100060000000000000000004000400C3
:1045800004000400040000000000004000000000DF
:1045900000000000002001C00600380040000000BC
:1045A0001F802040204020401F800000000010405D
:1045B0003FC000400000000018C0214022402440BD
:1045C0001840000010802040244024401B80000040
:1045D00002000D0011003FC0014000003C8024405B
:1045E00024402440238000001F8024402440344085
:1045F000038000003000200027C0380020000000A9
:104600001B802440244024401B8000001C0022C04A
:10461000224022401F8000000000000008400000EF
:104620000000000000000000046000000000000026
:10463000000004000A001100208040400900090029
:10464000090009000900000000004040208011001E
:104650000A00040018002000234024001800000075
:104660001F802040274029401F400000004007C015
:1046700039000F0001C0004020403FC024402440CA
:104680001B8000001F802040204020403080000020
:1046900020403FC0204020401F80000020403FC0FD
:1046A00024402E4030C0000020403FC024402E0057
:1046B000300000000F0010802040224033800200B4
:1046C00020403FC0040004003FC020402040204064
:1046D0003FC02040204000000060202020203FC03C
:1046E0002000200020403FC024400B0030C020406C
:1046F00020403FC020400040004000C03FC03C0080
:1047000003C03C003FC0000020403FC00C402300DD
:104710003FC020001F802040204020401F8000001C
:1047200020403FC024402400180000001F8021408A
:10473000214020E01FA0000020403FC02440260070
:1047400019C0004018C0244024402240318000009D
:10475000300020403FC020403000000020003F805B
:10476000004000403F80200020003E0001C00700C4
:1047700038002000380007C03C0007C038000000A7
:10478000204039C0060039C02040000020003840D9
:1047900007C0384020000000304021C0264038408B
:1047A00020C00000000000007FE04020402000000A
:1047B000000070000C00038000400000000040205A
:1047C00040207FE0000000000000200040002000AA
:1047D0000000000000100010001000100010001079
:1047E0000000000040000000000000000000028007
:1047F0000540054003C0004020003FC00440044085
:1048000003800000000003800440044006400000D4
:1048100000000380044024403FC0004000000380AB
:104820000540054003400000000004401FC0244034
:1048300024402000000002E00550055006500420EE
:1048400020403FC00440040003C00040000004407A
:1048500027C000400000000000100010041027E0F6
:104860000000000020403FC00140070004C0044099
:10487000204020403FC000400040000007C004002E
:1048800007C0040003C00000044007C00440040047
:1048900003C0004000000380044004400380000087
:1048A000041007F00450044003800000000003805F
:1048B0000440045007F00010044007C00240040008
:1048C00004000000000006400540054004C0000050
:1048D000000004001F800440004000000400078026
:1048E0000040044007C000400400070004C00180ED
:1048F00006000400060001C0070001C00600000019
:10490000044006C0010006C0044000000410071067
:1049100004E00180060004000000044005C00640D9
:10492000044000000000000004007BE04020000084
:10493000000000000000FFF0000000000000402028
:104940007BE00400000000004000800040002000E8
:1049500020004000000000000000000000000000F7
:10496000000000000000000000001FCC000C000050
:104970000000000000000800300060000800300067
:1049800060000000022003FC1E20022003FC1E2009
:104990000220000000000E1811043FFF10840C7864
:1049A000000000000F0010840F3800C00778188442
:1049B0000078000000780F8410C411240E9800E4E1
:1049C000008400080800680070000000000000007B
:1049D0000000000000000000000007E0181820049C
:1049E00040020000000040022004181807E0000008
:1049F000000000000240024001800FF001800240F0
:104A0000024000000080008000800FF800800080DD
:104A1000008000000001000D000E000000000000FA
:104A20000000000000000080008000800080008006
:104A3000008000800000000C000C0000000000005E
:104A40000000000000000006001800600180060061
:104A500018002000000007F00808100410040808DF
:104A600007F000000000080408041FFC0004000414
:104A70000000000000000E0C1014102410441184DB
:104A80000E0C000000000C18100411041104128810
:104A90000C700000000000E00320042408241FFC28
:104AA0000024000000001F981084110411041088D5
:104AB00010700000000007F0088811041104188825
:104AC0000070000000001C00100010FC13001C000F
:104AD0001000000000000E381144108410841144AE
:104AE0000E38000000000700088C104410440888AD
:104AF00007F00000000000000000030C030C0000A1
:104B0000000000000000000000010106000000009D
:104B1000000000000000008001400220041008088E
:104B200010040000022002200220022002200220A5
:104B300002200000000010040808041002200140B8
:104B40000080000000000E001200100C106C10809D
:104B50000F00000003E00C1813E4142417C4082805
:104B600007D000000004003C03C41C40074000E4E0
:104B7000001C000410041FFC1104110411040E8811
:104B80000070000003E00C1810041004100410085A
:104B90001C10000010041FFC10041004100408086E
:104BA00007F0000010041FFC1104110417C41004C6
:104BB0000818000010041FFC1104110017C0100099
:104BC0000800000003E00C181004100410441C78C6
:104BD0000040000010041FFC10840080008010843E
:104BE0001FFC10040000100410041FFC100410042B
:104BF0000000000000030001100110011FFE100062
:104C00001000000010041FFC110403801464181C21
:104C10001004000010041FFC100400040004000431
:104C2000000C000010041FFC1F0000FC1F001FFCF4
:104C30001004000010041FFC0C04030000E0101816
:104C40001FFC100007F008081004100410040808E6
:104C500007F0000010041FFC1084108010801080EA
:104C60000F00000007F0081810241024101C080A78
:104C700007F2000010041FFC1104110011C01130D4
:104C80000E0C000400000E1C11041084108410444B
:104C90001C3800001800100010041FFC1004100045
:104CA0001800000010001FF8100400040004100495
:104CB0001FF8100010001E0011E0001C007013808F
:104CC0001C0010001FC0103C00E01F0000E0103C62
:104CD0001FC000001004180C163401C001C01634A7
:104CE000180C100410001C00130400FC13041C001A
:104CF000100000000804101C1064108413041C042D
:104D0000101800000000000000007FFE400240027A
:104D100040020000000030000C0003800060001C16
:104D20000003000000004002400240027FFE00003D
:104D30000000000000000000200040004000400093
:104D4000200000000001000100010001000100013D
:104D500000010001000040004000200000000000B1
:104D600000000000000000980124014401440144B7
:104D700000FC000410001FFC0088010401040088EE
:104D800000700000000000700088010401040104AC
:104D90000088000000000070008801040104110870
:104DA0001FFC0004000000F80144014401440144D8
:104DB00000C800000000010401040FFC11041104EC
:104DC00011001800000000D601290129012901C99C
:104DD0000106000010041FFC008401000100010412
:104DE00000FC000400000104190419FC0004000484
:104DF000000000000000000300010101190119FE7C
:104E00000000000010041FFC0024004001B4010C4D
:104E1000010400000000100410041FFC0004000442
:104E200000000000010401FC0104010001FC010478
:104E3000010000FC010401FC0084010001000104E8
:104E400000FC0004000000F8010401040104010456
:104E500000F80000010101FF008501040104008841
:104E600000700000000000700088010401040105CA
:104E700001FF00010104010401FC008401040100A0
:104E800001800000000000CC012401240124012441
:104E90000198000000000100010007F8010401046E
:104EA00000000000010001F80004000400040108F3
:104EB00001FC0004010001800170000C0010016081
:104EC0000180010001F0010C003001C00030010C34
:104ED00001F0010000000104018C00740170018CDC
:104EE00001040000010101810171000E0018016040
:104EF0000180010000000184010C0134014401849F
:104F0000010C0000000000000000000001003EFC59
:104F1000400240020000000000000000FFFF00000F
:104F2000000000000000400240023EFC01000000C2
:104F30000000000000006000800080004000400091
:104F40002000200002201220122012201220FFFE3A
:104F5000122012201220122013E010001000100066
:104F60001FFC00001C88000800001FF01110111029
:104F70001FF0111011101FF002800C603458C4464D
:104F80000440084008401040088A00080100010061
:104F900001000100010001003FF8010001000100D3
:104FA0000100010001000100FFFE00002888000848
:104FB00000007FFC0100010001000100110011F858
:104FC000110011001100110011001100FFFE00007E
:104FD000F48A0008020002000400FFFE08000840F6
:104FE0001040304057FC904010401040104010409E
:104FF0001FFE1000808900080040204017FE10802E
:1050000000A00120F3FC10201020102017FE10201B
:105010001020282047FE0000548700081080104010
:1050200013FC1000FD08109017FE1040184037FECA
:10503000D088110810901060519826041889000833
:1050400000902090109013FC00900090F09017FEBC
:1050500010901090111011101210280047FE00003F
:10506000A08A0008010000803FFE222022203FFC91
:105070002220222023E020002FF02410422041C0D3
:105080008630380E888800080040404027FC2040C9
:1050900003F80040E7FE200023F8220823F8220846
:1050A0002BF8320822280210248A000800402240EF
:1050B000124013F804400040F7FC11201120112089
:1050C00012241224141C280047FE0000C086000889
:1050D000200027F822082110F0A0204021B0264E01
:1050E0003040E3F82040204027FC2040A0404040D2
:1050F0006C8A00081FF0101010101FF01010101014
:105100001FF00000FFFE0100110011F8110029003E
:10511000450083FE8488000800007FFC00800100B9
:105120000300056009183104C10200001FF01010CF
:10513000101010101FF01010648A00080088FC483E
:105140004850480079FC4820482078204BFE4820F1
:105150004C507850C888088809040A022C87000837
:1051600000007FFC40044004421452944A544424FA
:1051700044244A544A545294610440044014400860
:10518000AC8A000800003FF801007FFE41029D74D8
:1051900001001D700000FFFE02003FF824882488F3
:1051A00024A82010108A000800007FFC044004405E
:1051B0003FF8244824483FF802007FFC04200840C0
:1051C0001C80038006703808388700080090209003
:1051D000109013FC00900090F09017FE109010902B
:1051E000111011101210280047FE0000A08A0008BC
:1051F000010000803FFE222022203FFC22202220AE
:1052000023E020002FF02410422041C08630380EC9
:1052100088880008600091F4960C6C04080418005B
:105220001800180018001800180008000C040608E0
:1052300001F00000F889000800902090109013FC05
:1052400000900090F09017FE109010901110111027
:105250001210280047FE0000A08A0008010000800C
:105260003FFE222022203FFC2220222023E020009B
:105270002FF02410422041C08630380E8888000864
:1052800000000E00110021803180318003000600F3
:1052900006000600060000000600060000000000F0
:1052A000048800080048004400440040FFFE00401D
:1052B00000403E4008400840082008220F12780AAB
:1052C00020060002F8870008100011FC11041104E8
:1052D000FD141108110015FC19443144D12811287E
:1052E0001110112851442182088700082420FF2032
:1052F000247E7EC482287A104A287AC60500FFFEE2
:1053000000003FF800003FF820083FF874870008CD
:10531000200017FC008440A440945FF440844EA415
:105320004AA44EA440C4465458B441144204400C0C
:10533000FC880008084008400FFC1040104033F87B
:10534000320853F8920813F8120813F812081208DA
:105350001FFE1000C887000800102010101017FE54
:1053600000100010F2101110111010101010105039
:105370001020280047FE0000EC8A0008020001000F
:10538000FFFE00000FE0082008200FE000007FFC77
:1053900040044FE4482448244FE4400CAC89000802
:1053A0001040104010A010A0FD10120835F6380073
:1053B00054885048924811501110102017FE1000C8
:1053C000348A0008000427C41444145485544554F6
:1053D0004554155415542554E5542104228422447F
:1053E00024140808C88900080004FF840804102455
:1053F00022244124FFA408A4082408247F2408248C
:1054000008040F84F8144008F48700080100010024
:1054100001000100010001000280028004400440FC
:10542000082008201010200840048002A8880008E6
:105430001110111017FC1110FC0013F832083BF882
:10544000560853F8904017FC10A0111012081406CB
:10545000DC8600080048004400440040FFFE004095
:1054600000403E4008400840082008220F12780AF9
:1054700020060002F8870008001000F83F00010035
:1054800001003FF8010001000100FFFE01000100E2
:1054900001000100050002004C8900080100020023
:1054A00004001FF01010101010101FF0101010103A
:1054B0001FF01010101010101FF01010308900088D
:1054C000004000407C40004001FC0044FE44204479
:1054D0002044208448844484FD04450402280410A8
:1054E00068870008044004400440FC7E04400440F7
:1054F00004407C7C0440044004400440FC7E0440A2
:1055000004400440788800080040204010401040CB
:1055100087FC4040404010401FFE2040E0802100BA
:10552000221024082FFC040410870008200013FC1C
:10553000100440045F844084488448844FE440243D
:1055400040245FA4402441444094400898870008C8
:1055500004000200010001000100028002800280BC
:105560000440044008200820101020104008800645
:10557000288A000800007FFC0100010001000100F2
:10558000110011F81100110011001100110011009B
:10559000FFFE0000F48A00080100111009207FFEC0
:1055A00040029FF410101FF001003FF8210821086D
:1055B0002128211001000100D88600080100010007
:1055C000FFFE01007FFC00003FF8210821083FF8A2
:1055D000200020002000400040008000BC8A00081D
:1055E000020001003FF8000008200440FFFE000018
:1055F0001FF0101010101FF0101010101FF01010DE
:10560000848A000801001110110822003FFC0200EA
:10561000040007F80A080908111010A0204040A053
:1056200003181C06CC8600080100110011001100AF
:105630003FFC21004100810001003FF80100010012
:1056400001000100FFFE0000C88A000801000100FF
:105650000100110811081110212021004280028050
:1056600004400440082010102008C006608A00088A
:10567000020001007FFE40028104010011081108B0
:105680001110212002800280044008203018C0063A
:1056900050890008200027F8201021A0F84027FC9E
:1056A000244474446FFCA444A44427FC24442444AC
:1056B00024542408808700080108210817FE1108D7
:1056C000800047FE4090109017FE2492E492256AD5
:1056D00026462402240A0404C48A0008200027F86D
:1056E000201021A0F84027FC244474446FFCA444FB
:1056F000A44427FC2444244424542408808700081C
:10570000020001007FFE40028824101020080000E3
:105710001FF0010001000100010001007FFC0000FA
:1057200038890008082004407FFC010001003FF890
:1057300001000100FFFE000000003FF8244824485B
:105740002448FFFE7C880008080009FC08447E44C9
:1057500008440894FF0808FC288428842E8428FC28
:10576000280058004FFE80005087000800080008FD
:105770007C08440845FE440844087C0844884448A2
:10578000444844087C084408002800108C8700081E
:10579000020001007FFE400288241110228804408C
:1057A00008203018DFF61010101010101FF0101025
:1057B0009C89000800001FF010101FF01010FFFE61
:1057C00000001FF011101FF011101FF001001FF05A
:1057D00001007FFC0C88000800007DFE45004500AC
:1057E00045007DFC110411045D04510451FC51007D
:1057F0005D00E10001FE0000B48900080200010024
:10580000FFFE00001450139014501FF001007FFCA5
:10581000420444444FE4442440144008188A0008D9
:10582000010001000100010001000100028002806E
:105830000440044008200820101020084004800282
:10584000A8880008084008400840104017FC304075
:1058500030E050E091501150124815F418421040B9
:1058600010401040F48900081110111017FC11109D
:10587000FC0013F832083BF8560853F8904017FC28
:1058800010A0111012081406DC860008004800441D
:1058900000440040FFFE004000403E4008400840F9
:1058A000082008220F12780A20060002F887000854
:1058B00010401040FE7810887C1011FCFE2400245B
:1058C0007DFE44247C2445FC7C24442054A0484094
:1058D00094870008020001003FF8000008200440FF
:1058E000FFFE00001FF0101010101FF0101010101D
:1058F0001FF01010848A0008100011FC110411041C
:10590000FD141108110015FC19443144D128112847
:105910001110112851442182088700082420FF20FB
:10592000247E7EC482287A104A287AC60500FFFEAB
:1059300000003FF800003FF820083FF87487000897
:1059400002000200020002000200020003F802004E
:10595000020002000200020002000200FFFE00003E
:10596000E488000800007BF84A08520853F86208EF
:1059700052084BF84A444A486A3052204210428842
:1059800043064200A48900080000FFFE0200020056
:105990000200020002400220021002080208020077
:1059A00002000200020002003088000800007BF8BC
:1059B0004A08520853F8620852084BF84A444A48C9
:1059C0006A3052204210428843064200A4890008EF
:1059D00010100810082000003FF80100010001002D
:1059E000FFFE010002800280044008203018C0063B
:1059F00058890008200017FC0004408440845FF4AC
:105A000040844184428444844884508442844104D4
:105A100040144008348900080008003CF9E00820E0
:105A200010201120213C792009200920492031FC37
:105A300010002C0043FE80001C89000800080008AC
:105A40007C08440845FE440844087C0844884448CF
:105A5000444844087C084408002800108C8700084B
:105A600002000200FFFE040004000FF008101810EE
:105A70002FF0481088100FF0081008100850082068
:105A8000F48800080100010001000100010001008C
:105A900002800280044004400820082010102008E2
:105AA00040048002A888000811001FF02100FFFEBA
:105AB00000001FF010101FF004407C7C04403C7874
:105AC00004407C7C04400440088800080008201C36
:105AD00011E01100010001FEF11011101110111060
:105AE000121012101410280047FE0000DC8A000873
:105AF000200013FC1004400447C44444444444447C
:105B000047C444444444444447C440044014400807
:105B1000E4890008070278020802FF822A122A920A
:105B2000EB122A926A92A9921C122A1249028882C6
:105B3000080A0804E0860008010001000280044011
:105B4000082010102FE8C10601003FF801001110D5
:105B50001108210445040200C089000800400040EB
:105B60000040FE4011FC10441044104410441084C6
:105B700010841E84F104410402280410FC860008ED
:105B8000020001007FFC020044442F8811102248CB
:105B90004FE400200100FFFE0100010001000100B0
:105BA0009C880008000047FE2402240207FE8400AF
:105BB00047FE542017FE2622E6AA2A222AAA3222CB
:105BC000222A0204208700080100010001000108C8
:105BD00001087D9005A009400940112011102108FD
:105BE00041068100050002006487000800003FF0C4
:105BF000001000100010201020103FF020002000A6
:105C000020002004200420041FFC00000489000858
:105C10000100010001003FF8010001000100FFFE4A
:105C200003800540092011102108C1060100010070
:105C3000B08700081000100013FE102054205820D8
:105C400050209020102010201020282024204420B4
:105C500040A08040608800081110111017FC11103E
:105C6000FC0013F832083BF8560853F8904017FC34
:105C700010A0111012081406DC8600080048004429
:105C800000440040FFFE004000403E400840084005
:105C9000082008220F12780A20060002F887000860
:105CA000000800087C08440845FE440844087C08B5
:105CB00044884448444844087C08440800280010AC
:105CC0008C870008200013FC1004400447C444449F
:105CD0004444444447C444444444444447C44004C2
:105CE00040144008E4890008200013FC100440041C
:105CF0004004400440044004400440044004400484
:105D00004004400440144008588800081020112422
:105D10003CA420A84020BDFC11041124FD24112422
:105D2000112411241450188811040202A88A0008B2
:105D300011001104113811C0FD02110210FE1400EF
:105D400019FC3104D10411FC1104110451FC21048B
:105D5000D887000810801040204027FC4910F1101F
:105D6000111021104110F8A040A0004018A0E1102F
:105D700042080C0670880008082049202A20083EA6
:105D8000FF442A44494488A41028FE2822104210C7
:105D9000642818283444C282F08A000800003FF0CA
:105DA000001000100010201020103FF020002000F4
:105DB00020002004200420041FFC000004890008A7
:105DC000102011243CA420A84020BDFC1104112463
:105DD000FD241124112411241450188811040202E6
:105DE000A88A00080100010001003FF8010001003D
:105DF0000100FFFE03800540092011102108C106A3
:105E000001000100B087000810401020102013FE90
:105E1000FA02149411081A043000D1FC102010204A
:105E20001020102057FE200060890008040424047C
:105E300024043FA444240424FFE4042404243FA4B1
:105E400024A424A4268425040414040874880008C7
:105E500008200820FFFE0820001000F83F00111065
:105E6000082001007FFC054009203118C10601000F
:105E7000A48800081010082004403FF821082108D9
:105E80003FF8210821083FF801000100FFFE010052
:105E900001000100F8860008001000F83F00010032
:105EA00001003FF8010001000100FFFE01000100B8
:105EB00001000100050002004C890008004000407C
:105EC0007C40004001FC0044FE44204420442084E7
:105ED00048844484FD0445040228041068870008AF
:105EE00000007FFC08200820082008200820FFFE72
:105EF0000820082008200820102010202020402002
:105F000028870008102011243CA420A84020BDFCB4
:105F100011041124FD241124112411241450188873
:105F200011040202A88A000800902090109013FC2F
:105F300000900090F09017FE10901090111011102A
:105F40001210280047FE0000A08A0008040002008A
:105F50000100010001000280028002800440044030
:105F6000082008201010201040088006288A000809
:105F700020403F7E4890850801007FFE40029FE45C
:105F800010201FE010001FF0101010101FF0101054
:105F900090890008000001FCFD24112411FC11244B
:105FA00011247DFC1020102011FC10201C20E0206A
:105FB00043FE0000408A000800001FF0101010107F
:105FC0001FF000003FF820082008210821082108C0
:105FD00002C004301808E004908700081110111066
:105FE00017FC1110FC0013F832083BF8560853F860
:105FF000904017FC10A0111012081406DC8600084F
:106000000048004400440040FFFE004000403E4085
:1060100008400840082008220F12780A20060002D3
:10602000F8870008200017FC008440A440945FF427
:1060300040844EA44AA44EA440C4465458B44114CB
:106040004204400CFC880008084008400FFC104047
:10605000104033F8320853F8920813F8120813F876
:10606000120812081FFE1000C8870008000021F067
:10607000111011100110020EF40013F81108111084
:10608000109014A0184010A003180C060C8A0008E9
:10609000100011FC11041104FD141108110015FC6D
:1060A00019443144D128112811101128514421825A
:1060B000088700082420FF20247E7EC482287A10CE
:1060C0004A287AC60500FFFE00003FF800003FF8AE
:1060D00020083FF874870008200017FC008440A4C3
:1060E00040945FF440844EA44AA44EA440C4465455
:1060F00058B441144204400CFC8800080840084091
:106100000FFC1040104033F8320853F8920813F88F
:10611000120813F8120812081FFE1000C8870008A2
:106120007FFC44447FFC01007FFC01001FF0101045
:106130001FF010101FF010101FF01010FFFE0000D5
:10614000448800080100020004001FF01010101025
:1061500010101FF0101010101FF010101010101061
:106160001FF0101030890008004000407C400040C3
:1061700001FC0044FE44204420442084488444849C
:10618000FD0445040228041068870008102011242B
:106190003CA420A84020BDFC11041124FD2411249E
:1061A000112411241450188811040202A88A00082E
:1061B000020001007FFE4002800400003FF8010061
:1061C0000100110011F811001100290047FE8000A4
:1061D0000C870008000800087C08440845FE4408B5
:1061E00044087C0844884448444844087C084408DF
:1061F000002800108C870008200013FC10044004C5
:1062000047C444444444444447C444444444444448
:1062100047C4400440144008E4890008000023FCFF
:106220001040104087FE40A0411012081446204044
:10623000E04822642252245221400080448A00080F
:10624000100010001000107CFE441244124412444E
:1062500012441244124412442244227C4A448400D0
:106260001489000800027BC24A424A4A4A4A4A4A02
:106270004A4AFFEA4A4A4A4A4A4A4A4A4A425A4229
:10628000854A0884008800080040784048A05110E2
:10629000520865F6504048404FFC48406A5052480A
:1062A0004444484441404080E88A0008004020407F
:1062B00017FC104083F8404047FE100013F82208F6
:1062C000E3F8220823F8220822280210F0890008A7
:1062D000020001007FFE4002882410102008000008
:1062E0001FF0010001000100010001007FFC00001F
:1062F000388900080100210811080910092001004F
:106300007FF80008000800083FF8000800080008AF
:106310007FF8000884870008101008100820FFFE8E
:1063200000003E08224822483E48224822483E4873
:10633000220822082A2824107C87000808204920E7
:106340002A20083EFF442A44494488A41028FE28F5
:1063500022104210642818283444C282F08A0008AF
:1063600000001FF010101FF01010FFFE00001FF0C3
:1063700011101FF011101FF001001FF001007FFC31
:106380000C8800081080108011F821082A906C6099
:10639000A9982E2628C02B10282028C82B10206052
:1063A00021802600A889000800400040FC8004FEEF
:1063B0000508050806887C884088405040504420E5
:1063C000585060884104020248880008200013FCED
:1063D00010044004400440044004400440044004CD
:1063E0004004400440044004401440085888000819
:1063F000082008207EFC08201C702AA8C82600005F
:106400003FF800000000FFFE0100111025084204C3
:10641000CC8A0008020001007FFE4002822409406D
:1064200028884B141C10E7F00100210821082108DE
:106430003FF8000894890008000001F8FC081008E3
:10644000108820883C8864FE6402A402240225FA95
:106450003C022402201400081C8A0008104010206E
:10646000102013FEFA02144410401BFE3088D0881E
:10647000110810D01020105050882304AC87000859
:106480000050004800403FFE2040204020443E4451
:1064900022442228222822122A32444A408681029B
:1064A00098880008004000400040FE4011FC104465
:1064B000104410441044108410841E84F1044104DC
:1064C00002280410FC8600080020F82008504850DC
:1064D000488849044AFA7C00044404241D24E4A8A2
:1064E000448804102BFE1000148A000800002000CD
:1064F00013FE102000200020F1201120113C11205B
:10650000112015201920112007FE0000F086000838
:10651000100010FC3C2424244854BE882A102A5021
:106520003E7C2A902A103EFE2A104A104210861005
:10653000D0890008102011243CA420A84020BDFCD4
:1065400011041124FD24112411241124145018883D
:1065500011040202A88A00080100110011001100B4
:106560003FF8210041000100FFFE0280044004408A
:10657000082010102008C0060487000800407C4056
:106580004440548054FE55085688548854885450CA
:106590005450102028502488450482028C89000819
:1065A0000200020007F008203840048003400C80FD
:1065B00071F802080C103220014001800E007000BA
:1065C000B089000800804080208020FC0104090878
:1065D0000A4014401040E0A020A021102110220801
:1065E00024040802DC880008070278020802FF82FF
:1065F0002A122A92EB122A926A92A9921C122A1249
:1066000049028882080A0804E086000801000100A7
:1066100002800440082010102FE8C10601003FF856
:10662000010011101108210445040200C08900086E
:1066300001001110092001007FFE400280041FF0BC
:10664000000000007FFC0400082010103FF8100834
:10665000C4860008002820241024102007FE0020F3
:10666000F02017E0112011101110151019CA170A87
:10667000020600022C89000800804080208020FC57
:10668000010409080A4014401040E0A020A0211095
:106690002110220824040802DC8800080820492070
:1066A0002A20083EFF442A44494488A41028FE2892
:1066B00022104210642818283444C282F08A00084C
:1066C000001000F83F000100FFFE01001FF0111054
:1066D0001FF011101FF001003FF80100FFFE000045
:1066E00064890008204020A02110FA0825F6400007
:1066F00053C49254FA5413D41A54F25453D4124437
:10670000125412C8EC8900080000000000000000CC
:106710000000000000000000000000000000300049
:1067200030001000200000004C87000801000080AD
:106730003FFE210021003FFC2200248028802FF80A
:10674000208020805FFE408080800080D489000807
:1067500020403F7E489085083FF8010801083FF837
:10676000210021003FFC030405041928E110010069
:106770007489000800804080208020FC0104090802
:106780000A4014401040E0A020A02110211022084F
:1067900024040802DC880008001000F83F00020012
:1067A00011100910082001007FFC0380054009201A
:1067B00011102108C1060100948800080900088012
:1067C0001FFC30805FF890801FF810801FFC1100C4
:1067D000FFFE054009203118C1060100708700083E
:1067E00010201220222023244AA8F22013FC222069
:1067F0004270FAA8432402201A20E22043FE00003F
:10680000B88800081020102021FC24204420FBFE22
:10681000100220944050FD10409003FE1C28E044DC
:1068200040820302B08A00080008203C13C0120016
:10683000020003FCF2041288125012201250148835
:106840001504280047FE0000BC87000800003FF840
:106850002008200827C824482448244824482448DD
:1068600027C8200820083FF8200800005C8900089D
:106870000200020003F8020002000200FFFE020014
:106880000200024002200210020802000200020080
:1068900014870008088008F809084A1028A0284032
:1068A00008900B1018102BFEC81009100890081043
:1068B000085008204487000811001FF02100FFFE47
:1068C00000001FF010101FF004407C7C04403C7856
:1068D00004407C7C04400440088800080008201C18
:1068E00011E01100010001FEF11011101110111042
:1068F000121012101410280047FE0000DC8A000855
:106900000020202011FC1020002003FEF002109433
:1069100010501110109013FE142818441082030216
:10692000208800080200020003F8020002000200B2
:10693000FFFE0200020002400220021002080200D4
:10694000020002001487000800003E7C224422441A
:106950003E7C01200110FFFE02800C603018C00652
:106960003E7C224422443E7C988A0008204010400D
:106970000040FE8020FE21083E8824882488245080
:10698000245024204450548889040202508800086E
:106990007FFC44447FFC01007FFC01001FF01010CD
:1069A0001FF010101FF010101FF01010FFFE00005D
:1069B0004488000800003FF82108210821083FF81A
:1069C0002108210821083FF8210821082108410851
:1069D00041288010408800080200010001001FF8D3
:1069E00010081008100810081FF8100810001000F8
:1069F000100020002000400000870008100008045C
:106A00007F78004022401440FF7E084808487F48B5
:106A100008482A4849488888288811083488000886
:106A200008201C20F02010A810A4FCA21122312064
:106A30003A245424542890081010102010C0130039
:106A4000208A0008001000F81F00100010001FFE30
:106A500010001000100017F8140824082408440837
:106A600087F80408748A0008001000F83F0001004D
:106A7000FFFE01001FF011101FF011101FF00100A8
:106A80003FF80100FFFE000064890008084008404C
:106A9000084013F81040308037FE5080910013F802
:106AA0001008111010A0104010201020408700087E
:106AB000002800243FFE20202FA420242FA828985F
:106AC00028924FAA4046808201004884481287F2EB
:106AD000E8880008010001000100010801087D901C
:106AE00005A009400940112011102108410681002C
:106AF0000500020064870008088008400840100074
:106B000017FC3000300852089208111011101110B3
:106B1000112010201FFE1000E88700080000FFFE73
:106B2000040008001FF02810C8100FF00100010435
:106B30007D88095011202118C506020038880008F8
:106B400000003FF020102010285024502290229066
:106B50002110211022902292244A484A40068002A5
:106B6000048A0008020001003FFC200420043FFCCE
:106B7000200020003F7C210429242514492451446D
:106B80008514020890880008100010F810881088FA
:106B9000FC881106120015FC18843084D04810506F
:106BA0001020105050882306D0870008000003F8FA
:106BB0007A484A484BF84A484A484BF848004FFE42
:106BC0007A404A440228029003080206E08700083F
:106BD000000003F87A484A484BF84A484A484BF8BC
:106BE00048004FFE7A404A440228029003080206F9
:106BF000E08700080100028004400A203118DFF617
:106C000010101FF010101FF01008119010601210DB
:106C1000140818049C870008082010103E1022FE5B
:106C200032822A842A40FE44224832502A602A4274
:106C3000224242424A3E8400008A0008100011F0BD
:106C400011101110FD101110311039105510551080
:106C50009110111211121212120E1400C08A0008A3
:106C6000000023F81208120883F84208420813F8BB
:106C7000100027FCE4A424A424A424A42FFE0000D4
:106C80002C880008010000803FFE222022203FFCCB
:106C90002220222023E020002FF02410422041C097
:106CA0008630380E8888000800102010101017FE5B
:106CB00000100010F21011101110101010101050D0
:106CC0001020280047FE0000EC8A00080808083C55
:106CD0000BE0122012203220322053FE922012109C
:106CE00012101212120A128A13261212C8880008F1
:106CF00000407C2044204BFE48805080488048FC67
:106D000044844484448468845104410442284410E7
:106D1000148800081008101C11E01100FD0011007B
:106D200011FE151019103130D11811141112121052
:106D3000521024105C8A0008100011FC1104110488
:106D4000FD141108110015FC19443144D1281128F3
:106D50001110112851442182088700082420FF20A7
:106D6000247E7EC482287A104A287AC60500FFFE57
:106D700000003FF800003FF820083FF87487000843
:106D800010401020102013FEFA02149411081A0467
:106D90003000D1FC102010201020102057FE2000C1
:106DA000608900080404240424043FA44424042427
:106DB000FFE4042404243FA424A424A4268425045A
:106DC0000414040874880008100011FE110011005A
:106DD000FD0011FC310439045504550491FC1100E7
:106DE0001100110011FE1000688A000810401040C8
:106DF0001040FDF8104810481CC83048D0AA10AA0E
:106E00005106220200004888444484448C880008CB
:106E10000100020004001FF01010101010101FF0ED
:106E2000101010101FF01010101010101FF0101084
:106E300030890008004000407C40004001FC0044D4
:106E4000FE4420442044208448844484FD044504B6
:106E5000022804106887000810100810082000009D
:106E60003FF8010001000100FFFE010002800280E6
:106E7000044008203018C00658890008102011244A
:106E80003CA420A84020BDFC11041124FD241124A1
:106E9000112411241450188811040202A88A000831
:106EA000000800087C08440845FE440844087C08A3
:106EB00044884448444844087C084408002800109A
:106EC0008C870008200013FC1004400447C444448D
:106ED0004444444447C444444444444447C44004B0
:106EE00040144008E489000804000400FFFE080084
:106EF000080013F810103020504097FE104010404A
:106F00001040104011401080FC8900080000FF80F4
:106F100022FC22443E44224422443E442228222889
:106F200027A8FA104210022802440282B486000800
:106F300010801080508050FC7D5452549054109416
:106F40001C94F12452241044104410841128101071
:106F5000548A000823F82208220823F8F80027BCE6
:106F600024A42CA437BCE0402FFE216022502448EA
:106F7000B84640406889000809000900090011FE70
:106F800012803280348050F890801080108010FC85
:106F900010801080108010809C8A00081020102023
:106FA00018FA2424242861FE6020BC4024FC2544D7
:106FB0002644247C25442644247C2044C88600089A
:106FC000020001007FFE400288241010200800000B
:106FD0001FF0010001000100010001007FFC000022
:106FE00038890008200017FC0004410441044104D2
:106FF0005FF441044384454449245114410441044D
:1070000040144008F088000800007FF800100020BD
:10701000004001800100FFFE0100010001000100AD
:10702000010001000500020024890008100008FE8C
:107030007F102220147C7F444454485452544454BA
:107040004854515442284424884230823C890008E4
:10705000080008001FE020204040BFF82108210858
:1070600021083FF820002002200220021FFE00001D
:107070004887000800007DFE4500450045007DFC76
:10708000110411045D04510451FC51005D00E10044
:1070900001FE0000B489000802000100FFFE0000AC
:1070A0001450139014501FF001007FFC420444441C
:1070B0004FE4442440144008188A000800102010AF
:1070C000101017FE00100010F21011101110101007
:1070D000101010501020280047FE0000EC8A000815
:1070E0000008201C11E01100010001FEF110111038
:1070F00011101110121012101410280047FE000079
:10710000DC8A0008040025FC248824502420245014
:10711000028C04201FC0018006103FF801081120D6
:10712000251042087C8A000808000FE0102020404B
:107130005FF8000800081FF8000800083FF8020088
:107140005104511290120FF088870008100011FCB2
:1071500011041104FD141108110015FC19443144E7
:10716000D1281128111011285144218208870008C4
:107170002420FF20247E7EC482287A104A287AC6E2
:107180000500FFFE00003FF800003FF820083FF830
:107190007487000802000100FFFE044014502448D8
:1071A000444400003FF0082004400280010006C073
:1071B0001830E00EE08900080880088008841088F4
:1071C000109030A030C050809180128014801082C6
:1071D00010821082107E10006C87000810001000D2
:1071E00021FC24204420F820102020204020FC20D6
:1071F000402000201C20E02043FE0000308A0008D0
:10720000100011F82008200849F8F808100823FE9B
:107210004020FA22417400A81924E22240A0004034
:10722000C088000808200820FFFE08200480248071
:1072300024FC24A0251000003FF8244824482448BA
:10724000FFFE0000CC87000804403FF804400440E3
:10725000FFFE01001FF0111011101FF0111011108E
:107260001FF004400820101064880008010001008D
:107270007FFC01003FF80100FFFE00001FF010102E
:107280001FF010101FF0101010501020BC890008C3
:1072900000001FF010101010101010101FF0000050
:1072A00000007C7C44444444444444447C7C444446
:1072B000D48700080100020004003FF820082008DD
:1072C000200820083FF8200820082008200820086F
:1072D0003FF820085489000800003FF821082928B9
:1072E00025483FF8010001003FF801000100FFFEC2
:1072F000000048884444844478890008100011FC48
:10730000200824104430F848108423024000FDFC7B
:10731000402000201C20E02043FE00006087000881
:1073200010201020202025FE4420F82010FC2020D2
:107330004020FDFE402200221C2AE02440200020A4
:10734000A487000820202020782049FC91247D2457
:10735000552455247DFC552454207C28542457FE64
:1073600045028C00F4860008000023F81208120879
:1073700083F84208420813F8100027FCE4A424A470
:1073800024A424A42FFE00002C8800080100008003
:107390003FFE222022203FFC2220222023E020004A
:1073A0002FF02410422041C08630380E8888000813
:1073B000100013FE120216225A22522253FE92226B
:1073C00012221252124A2A8A2702420243FE8202E3
:1073D000C48800083FF801007FFE41029D7401004F
:1073E0001D7004000FE0144003801C70E20E0FE0DB
:1073F00004201860488A000800402040104017FC14
:10740000848448884140114413482530E9202110E4
:107410002108214421820100188700080100008012
:107420003FFE222022203FFC2220222023E02000B9
:107430002FF02410422041C08630380E8888000882
:1074400000102010101017FE00100010F210111084
:1074500011101010101010501020280047FE0000CE
:10746000EC8A000802000100FFFE00000FE0082087
:1074700008200FE000007FFC40044FE4482448242B
:107480004FE4400CAC8900080040224811481150DC
:10749000804043F84A080A0813F81208E20823F863
:1074A0002208220822280210D08A000801000200C7
:1074B0001FF010101FF010101FF010101FF0101010
:1074C000010008844892481287F00000D086000826
:1074D00001001110110822003FFC0200040007F80F
:1074E0000A080908111010A0204040A003181C062B
:1074F000CC86000802082108111017FC004000404B
:10750000F04017FE104010A010901108120828003B
:1075100047FE0000D08800080100010001000100C2
:107520003FF8210821082108210821083FF82108F7
:107530000100010001000100F88800081FF0101090
:107540001FF010101FF00000FFFE22003EF82288FE
:107550003E9022502F20F250428803064C8A0008A9
:1075600002000100FFFE00000FE0082008200FE0ED
:1075700000007FFC40044FE4482448244FE4400CC2
:10758000AC8900084080208009FC12042448E040B7
:1075900020A023182C060400FFFE08201C400380B6
:1075A0000C707008B0880008010001007FFC010029
:1075B000028004400A203118C0060100088848846F
:1075C0004812481287F000005C87000800003FF076
:1075D000201020103FF0200420041FFC0000082091
:1075E0000820FFFE0820102020204020388A0008B4
:1075F0000100111009207FFE40029FF410101FF0BF
:1076000001003FF821082108212821100100010074
:10761000D8860008020001007FFC00001FF0101057
:107620001FF000007FFE40028FE408200820102297
:107630002022C01E248800081000100013FE102015
:107640005420582050209020102010201020282056
:107650002420442040A08040608800080820492061
:107660002A20083EFF442A44494488A41028FE28C2
:1076700022104210642818283444C282F08A00087C
:1076800000001FF010101FF01010FFFE00001FF090
:1076900011101FF011101FF001001FF001007FFCFE
:1076A0000C880008082008207EA0093E0A44FF44F8
:1076B00008447EA4242848288F10781008280848F9
:1076C00028841102BC880008020001007FFE4002ED
:1076D00080043FF8040008201FF0011001003FF86B
:1076E00001000100FFFE0000088900080100010000
:1076F00001000100010001000280028004400440FA
:10770000082008201010200840048002A8880008E3
:10771000082049202A20083EFF442A44494488A4DE
:107720001028FE2822104210642818283444C282EF
:10773000F08A000801000100210821082108210821
:107740003FF80108010001004104410441044104E3
:107750007FFC00048C8A0008040002000100010084
:1077600001000280028002800440044008200820BA
:107770001010201040088006288A00080000000031
:107780003FF82008200820082008200820082008AA
:107790002008200820083FF8200800007C89000805
:1077A000200017FC000440044FE4492449244FE41E
:1077B000492449244FE44924410441044114400828
:1077C000D4860008200013FC100440044004400448
:1077D0004004400440044004400440044004400489
:1077E000401440085888000803F80208F20893F88B
:1077F000900097BC94A494A497BC9040FFFE916025
:1078000002500448184600402C8A0008082008202E
:1078100008200820082008200820082008501450BC
:107820001250128820882104420484021089000822
:1078300001003FF801001FF001007FFC00001FF075
:1078400012101110FFFE221021103FFC00100060EA
:10785000FC870008100410041FC42214221464942E
:1078600067D4A114211427D42114211421C42E0477
:1078700024142008DC8700080040204010401040FD
:1078800000400040F7FE10401040104010401040F3
:107890001440184010400040688800080820082064
:1078A0007FFC08200FE008200FE00820FFFE0820E2
:1078B00011102108CFE6010001003FF8B88A000846
:1078C00000200020FD241124112421243DFC6420EB
:1078D0006420A524252425243D24252421FC0004FE
:1078E000B0860008000007F87908491049104920BF
:1078F000493C490449044A887A884A500420045083
:1079000008880306E48A00080000020001000080E5
:1079100000800400040824042404240244024412C5
:107920008410041003F000004C88000802000100DD
:107930007FFC020044442F88111022484FE40020AD
:107940000100FFFE01000100010001009C88000809
:10795000100011FE50205C4051FC5104FF24012412
:107960001124552455245544845008883104C202FA
:10797000C087000810003E00227C3E1022103E10FE
:1079800000107F1049FE7F1049107F100010FF90FB
:1079900022104210F88A00081000100013FE102078
:1079A000FC2010201020142018203020D02010207F
:1079B0001020102050A02040708A00080200020011
:1079C00003F8020002000200FFFE02000200024073
:1079D00002200210020802000200020014870008C0
:1079E00001001110092001007FFC05400920111041
:1079F00060080100FFFE0280044008203018C00625
:107A0000B889000800047F84122412241224FFA4E1
:107A1000122422042214410881003FF801000100D1
:107A2000FFFE0000D4880008084008200BFE10006C
:107A3000100031FC3000500091FC1000100011FCCF
:107A40001104110411FC11045C88000802000440B8
:107A500008201FF002007FFC082010902308CC466D
:107A600001800610182000C007007800D8880008A0
:107A700000047F84080408241F24112421242124C5
:107A800052248A24042404240804100420144008E6
:107A9000EC880008010001007FFC010001003FF8B4
:107AA00001000100FFFE0500088818502820C918B1
:107AB0000A060C003C8A000800001FF0101010108D
:107AC00010101FF00000FFFE080010001FF0001053
:107AD0000010001000A000405488000800003FF093
:107AE000001000101FF000100010FFFE0100210820
:107AF0001190056009203118C5060200EC870008C6
:107B00000000FFFE010001003FF8210821083FF8B6
:107B1000210821083FF811000A00060019C0E03EC4
:107B2000D48A0008000021F811081108010801F8A2
:107B3000F10811201110120812041404100028007A
:107B400047FE00006C8900080000200011F81008B2
:107B500000080008F00811F81108110011001100C8
:107B60001502190210FE00008088000801000100C3
:107B700011F8110011001100FFFE010001001108B1
:107B80001110212040C003001C00E000F087000815
:107B9000200017FC0004420441045FF44104410446
:107BA0004FE44924492449A449444104411440086C
:107BB00048890008102010203C20202041FCBD24D2
:107BC00011241124FD2411FC11241020142018204C
:107BD00010200020208900080100010001000100A0
:107BE0000100111011081104210421024102810237
:107BF0000100010005000200BC86000800400440AE
:107C0000042008201010200840049FE204200420D3
:107C100004200820082010202140408044890008CA
:107C2000102010203C20202041FCBD2411241124D0
:107C3000FD2411FC112410201420182010200020F5
:107C4000208900081040102013FE1020FC4812F27A
:107C50001124165218F83008D02013FE10201020DE
:107C600050202020EC86000808400848084448447A
:107C700028402FFE08400840184028A0C8A00890BF
:107C8000091009080A040C02B4870008000000006B
:107C90007FFC010001000100010001000100010062
:107CA000010001000100FFFE00000000E88600085E
:107CB000200017FC0004420441045FF44104410425
:107CC0004FE44924492449A449444104411440084B
:107CD00048890008102010203C20202041FCBD24B1
:107CE00011241124FD2411FC11241020142018202B
:107CF000102000202089000804000400040007E090
:107D000008200820104020404080008001400240B0
:107D1000042008103008C0063C880008010011103B
:107D2000111011101110292825244544810001004B
:107D30003FF8010001000100FFFE0000B48A0008C6
:107D4000100011FC11041104FDFC1104110415FCB8
:107D5000180033FED0201120113C112052A0247EA7
:107D6000C48900080000FE7C2844287CFE44AA7CCC
:107D7000AA10AA50AE7CC2908210FE7C82108210A3
:107D8000FEFE8200008900080100010002003FF8A9
:107D90002448244824482448244824482448244883
:107DA00024482448FFFE00003487000820003FFCE0
:107DB00040009FF000007FF011100A107FD00410E7
:107DC0003F900412FFEA040A04060402888A0008AD
:107DD00000800080790049FE4A004C0049F84808BC
:107DE00048104860788049000202020201FE00004B
:107DF0002889000804400440FFFE044010801080E1
:107E000020FC4504FA0410842044FC4400041C04B3
:107E1000E028401024870008081008780BC01040A4
:107E20001040304030405FFE904010401040104005
:107E30001040104017FC1000E088000801003FF8D7
:107E400008200440FFFE00001FF010101FF010106B
:107E50001FF002005104511290120FF0DC8900084B
:107E6000201020103B7C211441FE7A14A27C2710A4
:107E7000F97C251025FE22102A10350028FE00006E
:107E8000D88A00081080104017FC200023F86208F0
:107E900063F8A0002FFE280223F820402040204055
:107EA00021402080E486000801000100010001005B
:107EB0001100110011F81100110011001100110042
:107EC00011001100FFFE0000E487000800003FF8E9
:107ED00021083FF821083FF8020004201FC001805C
:107EE00006103FF801081120251042088889000873
:107EF0000040204017FC104083F8404047FE10002F
:107F000013F82208E3F8220823F822082228021096
:107F1000F08900080040784048A05110520865F6EA
:107F2000504048404FFC48406A50524844444844FE
:107F300041404080E88A00080080204017FE108001
:107F40008110420847FC100410002248E2482248F1
:107F50002248224A244A0846948A000800402040C9
:107F600017FC104003F80248F24813F810E01150D3
:107F7000124814441040280047FE00007089000891
:107F800010100820044000001FF0101010101010F6
:107F90001FF01010010008844892481287F000007A
:107FA0009889000800003FF8210821083FF82108BF
:107FB00021083FF8010001003FF801000100010025
:107FC000FFFE0000508A000808001DFCF1041104A7
:107FD0001104FDFC1000300039FE5420542091FCA7
:107FE0001020102013FE1000B488000803F82208A7
:107FF000120813F802080208F3F8124412281210AB
:10800000128813041204280047FE0000AC88000800
:10801000020002000200FFFE040004000400080049
:108020000FF8108010802080408080803FFE00008C
:10803000788A0008202020202020FDFC402050408D
:1080400093FEFC40108011FC1C04F088505010205E
:10805000101010103C870008020002000200FFFE12
:1080600004000400080008001FF8280848088808D1
:10807000080808080FF808080C890008000027F80D
:108080001408140887F84408440817F81120212020
:10809000E9242528233021202FFE00003087000806
:1080A000204027FC200023B8F2A823B8211027FC89
:1080B000211027FC3110EFFE412803100D480186E6
:1080C0001888000801002108110809100920010082
:1080D000FFFE0440044004400440084208421042AD
:1080E000203EC000CC8900080000F9FC0904090406
:1080F00009FC7820402043FE42227A220BFE082011
:108100000824082257FE2002108800080040402062
:1081100027FE240004880488E7FE2488248824F8A5
:1081200028002AA43252245250008FFE848900086D
:1081300000007C0045FC49044904510449044904F9
:1081400045FC4504450469045104410441FC4104D3
:10815000808A0008010001000280044008203018D5
:10816000C1061110091009200100FFFE01000100E5
:1081700001000100B886000800007DFC444444442E
:10818000444444947D0844FC4484448444847CFCFA
:1081900000004888444484444089000800F83F00B7
:1081A0000400082010403F800100061018087FFCE2
:1081B000010409201110210845040200C4870008A9
:1081C00010401020202023FE4840F888110423FE90
:1081D0004092F890409000901912E112420E040073
:1081E000A0870008100010003FFC20004FF0800026
:1081F0003FF000100010001000100010000A000AEC
:1082000000060002A48A0008007C3FC020402040F5
:108210003FFE2040204027FC2404244424442444DE
:1082200024B4410846049802A088000800003FFCDE
:10823000200420043FFC20002FFC2100221027F8FE
:10824000208820802FFC40804080BFFEA08900084D
:10825000004010401040104010401FFC1000100063
:1082600010001FE01020102010202020202040208F
:108270005887000800007FFC020004001FF0101067
:108280001110111011101110111012900240042041
:1082900018106008A8870008084008407DF80848C2
:1082A0000C4819C8684A08AA2886130202007FF8F9
:1082B00004080808105060206C88000810001000A6
:1082C00021FC24204420F820102020204020FC20E5
:1082D000402000201C20E02043FE0000308A0008DF
:1082E00010401040104010403E4022604250424832
:1082F000A4441444084008401040204040408040BE
:10830000D88900080200020004000820101020088C
:108310007FFC200400001FF010101010101010102F
:108320001FF010101C870008020001007FFE4002B1
:1083300088040FF010202C4003801C70E00E1FF00A
:10834000101010101FF01010CC88000800003FFE25
:108350002000200020002FFE204020402040204010
:10836000204020402040404041408080E08A00087A
:10837000020001007FFE4822921404003FF8220808
:1083800023C824482A882108228824083FF8200886
:1083900078870008000047FC2444244405F4044482
:1083A000E44427FC240425F425142D1435F4240476
:1083B00004140808908A00081020112410A410A4A6
:1083C000FCA8102033FC38045404500491FC100421
:1083D0001004100413FC1004B8870008004040404B
:1083E00020A020A0011002481426102023F8E00845
:1083F0002010211020A0204020200020E889000823
:10840000000047FC2040204003F80088E08827FE59
:108410002000200023F822082A08320823F8020846
:10842000588A00087801000000080140000100009F
:10843000002C01400000000000000000000C014082
:1084400000200000002C014000000100000000009E
:108450000008014000020000002C01400400000060
:1084600000000000000C014000400000002C014012
:1084700004000100000000000008014000040000AA
:10848000002C01400800000000000000000C01402A
:1084900000800000002C01400800010000000000E6
:1084A0000008014000080000002C01400C00000002
:1084B000000000000008014080000000002C014086
:1084C0000000010140001600000C01400100000006
:1084D000002C01400400010140001600000C014086
:1084E00002000000002C01400800010140001600BD
:1084F00000080140010000000000004000000000F2
:1085000000000000000801400200000000000040E0
:10851000040000000000000000080140040000000A
:1085200000000040080000000000000000080140BA
:1085300008000000000000400C00000000000000E7
:108540000008014000800000000000400000000121
:1085500000011800000C014008000000000000406D
:108560000400000100011800000C0140000400009C
:10857000000000400800000100021800000C01404B
:1085800000080000000000400C000001000218007C
:10859000000801404000000000040040000000000E
:1085A00000000000000801408000000000040040BE
:1085B0000400000000000000000C01400100000069
:1085C000000400400800000000000000000C014012
:1085D00002000000000400400C0000000000000049
:1085E000000C0140100000000004004000000001E9
:1085F00000081A00000C01402000000000040040A8
:108600000400000100081A00000C014040000000B6
:10861000000800400000000000000000000C0140C5
:10862000800000000008004004000000000000007E
:10863000000C01400001000000080040080000009C
:1086400000000000000C0140000200000008004093
:108650000C0000000000000000000000000000000E
:10866000000000000000000000000000002346643D
:10867000DDDDDDDDDCBBBBDDDDDDDDDDDDDDDDDD6F
:1086800098888888888888887777777777888888AF
:108690008555555666666666666666666668888847
:1086A0008333333222222222222222222228888D40
:1086B000B4A10000C8A10000C9A10000D0A1000021
:1086C000D1A10000B3A20000B4A20000B7A2000034
:1086D000CFA20000D5A20000B3A30000C4A30000F5
:1086E000CAA30000CDA30000B9A40000CBA40000E1
:1086F000D6A40000B4A50000B5A50000B9A60000EE
:10870000BBA70000CAA70000B1A80000B6A80000DF
:10871000B7A80000BFA80000C5A80000CCA80000B2
:10872000C2A90000D2A90000BFAA0000C1AA00008F
:10873000CAAA0000D1AA0000D2AA0000D7AA00004D
:10874000B4AB0000BDAB0000C9AB0000A3AC00009F
:10875000B3AC0000C1AC0000C6AC0000CCAC000063
:10876000BEAD0000CBAE0000B6AF0000BBAF000056
:10877000BCAF0000BEAF0000B4B00000C7B0000046
:10878000CDB00000B5B10000BCB10000CAB100001E
:10879000D4B10000BEB20000B4B30000CAB3000000
:1087A000CDB30000CEB30000D2B30000B0B40000DF
:1087B000CEB40000D7B40000B5B50000B7B50000D6
:1087C000C6B50000CFB50000D6B50000C0B60000A9
:1087D000CDB60000C6B70000D6B80000B5B900009D
:1087E000CEB90000D6B90000CEBB0000C2BC00006C
:1087F000B2BD0000B5BD0000CABD0000B6BE00009D
:10880000C9BE0000A3BF0000BFBF0000C1BF000081
:10881000C7BF0000B7C00000C8C00000CAC0000049
:10882000B6C10000C1C10000CDC10000CEC2000031
:10883000CFC20000D0C20000B1C30000BEC3000020
:10884000D3C30000D6C30000B8C40000D0C40000E9
:10885000B7C50000BAC50000C3C50000D0C5000000
:10886000B5C60000BBC60000BCC60000CAC60000FA
:10887000CEC60000D6C60000B7C70000B8C70000CB
:10888000BCC70000CAC70000B6C80000C8C80000C6
:10889000C9C80000B2C90000B3C90000C2CA0000C4
:1088A000D6CA0000B2CB0000C8CB0000CDCB000080
:1088B000D7CB0000B3CC0000BCCC0000BDCC000086
:1088C000C2CC0000D1CC0000B5CD0000BFCD00006F
:1088D000CBCD0000D0CD0000B2CE0000B4CE000061
:1088E000C8CE0000C9CF0000B8D00000C1D0000041
:1088F000CFD00000D3D00000D6D00000E3D00000DD
:10890000D0D10000D2D10000CAD20000D3D20000E2
:10891000B4D30000BCD30000BDD30000D1D300000D
:10892000D6D30000D7D30000B3D40000CAD40000CF
:10893000D7D40000B1D50000BFD50000D1D50000CC
:10894000D5D50000B7D60000C4D60000CAD60000B6
:10895000D4D60000B0D70000B9D80000BBD80000C2
:10896000BFD80000D6D80000B2D90000B3D90000AB
:10897000CBD90000B5DA0000BADA0000BFDA000097
:10898000D4DA0000D5DA0000C0DB0000B0DC000063
:10899000B9DC0000C3DC0000D7DC0000C8DD00004B
:1089A000CEDD0000CFDE0000D0DE0000B8DF00002A
:1089B000B6E00000BEE00000C0E00000C7E000003C
:1089C000D3E00000CCE10000B2E20000B9E2000018
:1089D000BDE20000BFE20000CDE20000D2E20000F4
:1089E000B1E40000BCE40000C0E40000CAE4000000
:1089F000C7E50000CCE50000A1E60000B4E60000F9
:108A0000B6E60000B7E70000BDE70000C9E80000D7
:108A1000D0E80000D1E90000C0EB0000C2EB00008C
:108A2000C3EB0000C7EB0000C8EB0000D4EB000074
:108A3000BAEC0000BCEC0000D2EC0000B1ED00008C
:108A4000C0ED0000CCED0000CEED0000D7EE000040
:108A5000C0EF0000CEEF0000D3EF0000B2F0000046
:108A6000BBF00000B7F10000B9F10000D4F1000044
:108A7000B4F20000BAF30000D7F30000BDF4000028
:108A8000D1F40000D2F40000D1F50000B3F60000EC
:108A9000B5F70000C1F70000C6F70000D7F70000E7
:108AA000BDF80000C6F80000CBF80000CDF80000CB
:108AB000D0F80000D7F80000BBF90000C9F90000A9
:108AC000BBFA0000C2FA0000C9FA0000BDFB0000BA
:108AD000CFFB0000B8FC0000BCFC0000BDFC0000A7
:108AE000CCFC0000CEFC0000B3FD0000B9FD00008E
:108AF000CAFD0000D5FD0000F7FD0000CAD6B6AFE4
:108B00000000000030B5B50031B5B50032B5B50094
:108B100033B5B500D6C6C8C800000000B9D8B1D575
:108B200000000000D6C6C0E400000000D3EFD2F47D
:108B300000000000548B00080000002054010000D9
:108B4000B40E0008F08B00085401002084280000B7
:108B5000303200081381201B08D90413A51F1B08FD
:108B60001D0813CD1E1B08C90413ED1C1B08F104BE
:108B700013051D1B08FD08133D131B08210413D109
:108B8000122B080B0819041AAF0C1325141B081517
:108B9000041AF3101AC1041AC904B2012202130103
:108BA00002830104051C7856341213FC8A14082C25
:108BB0008B0210081325211408E1223F08D5FDB3CC
:108BC000A320010117A97D013729431A04841A083B
:108BD000041A0C041A10041A1C041A14041A24048B
:108BE0003C020406A02D0102030404C5060708097F
:04000005080000ED02
:00000001FF
